Va_rms,Vb_rms,Vc_rms,Ia_rms,Ib_rms,Ic_rms,Va_mag,Va_ang,Ra,Xa,Vb_mag,Vb_ang,Rb,Xb,Vc_mag,Vc_ang,Rc,Xc,RFault,A,B,C,G
6552.899826,6804.930627,6619.901213,0.0065529,0.006804931,0.006619901,9267.199807,-1.601323627,1000000.003,-0.108539672,9623.625183,2.609795445,1000000.09,0.052529899,9361.954077,0.554073525,999999.9089,0.057040938,0.001,0,0,0,0
6549.8962,6809.237388,6619.439383,0.006549896,0.006809237,0.006619439,9262.952039,-1.601788803,1000000.003,-0.108602074,9629.715863,2.609842903,1000000.09,0.052489581,9361.300951,0.554550621,999999.9089,0.057105,0.001,0,0,0,0
6550.371863,6809.029053,6619.763243,0.006550372,0.006809029,0.006619763,9263.624727,-1.601901422,1000000.003,-0.108594306,9629.421233,2.609791819,1000000.09,0.052495803,9361.758957,0.554595147,999999.9089,0.05710669,0.001,0,0,0,0
6550.218464,6809.491844,6617.394464,0.006550218,0.006809492,0.006617394,9263.407788,-1.601797692,1000000.003,-0.108600152,9630.075719,2.609916808,1000000.09,0.052484754,9358.408998,0.5545595,999999.9089,0.057123173,0.001,0,0,0,0
6550.492756,6808.427547,6618.855299,0.006550493,0.006808428,0.006618855,9263.795696,-1.601737236,1000000.003,-0.108591293,9628.570576,2.609853774,1000000.09,0.052496427,9360.474931,0.554509441,999999.9089,0.057103708,0.001,0,0,0,0
6549.785217,6809.986332,6619.851915,0.006549785,0.006809986,0.006619852,9262.795085,-1.601773439,1000000.003,-0.108605526,9630.77503,2.609866224,1000000.09,0.052480271,9361.884359,0.554752463,999999.9089,0.057122784,0.001,0,0,0,0
6550.016413,6808.415689,6619.419001,0.006550016,0.006808416,0.006619419,9263.122045,-1.601985297,1000000.003,-0.108599657,9628.553805,2.609906053,1000000.09,0.052492807,9361.272126,0.554356748,999999.9089,0.057085101,0.001,0,0,0,0
6549.286656,6808.952467,6618.559808,0.006549287,0.006808952,0.00661856,9262.090013,-1.601905909,1000000.003,-0.108613396,9629.312924,2.609738469,1000000.09,0.052500946,9360.057044,0.554577844,999999.9089,0.057116868,0.001,0,0,0,0
6549.003789,6809.158752,6620.366066,0.006549004,0.006809159,0.006620366,9261.689978,-1.602105229,1000000.003,-0.108617179,9629.604655,2.60976879,1000000.09,0.052495512,9362.611478,0.554492718,999999.9089,0.057094258,0.001,0,0,0,0
6550.510923,6809.362425,6618.407485,0.006550511,0.006809362,0.006618407,9263.821388,-1.601820406,1000000.003,-0.108593946,9629.892692,2.609759277,1000000.09,0.052496989,9359.841627,0.554689053,999999.9089,0.057127863,0.001,0,0,0,0
6550.103957,6807.760769,6620.411122,0.006550104,0.006807761,0.006620411,9263.24585,-1.60205889,1000000.003,-0.108598013,9627.627609,2.60986635,1000000.09,0.052498899,9362.675198,0.554646447,999999.9089,0.057105431,0.001,0,0,0,0
6552.120091,6812.792688,6619.847495,0.00655212,0.006812793,0.006619847,9266.097095,-1.601919114,1000000.003,-0.108567732,9634.743817,2.608975572,1000000.09,0.052533419,9361.878108,0.554848816,999999.909,0.057138433,0.001,0,0,0,0
6549.162435,6807.649521,6618.985424,0.006549162,0.00680765,0.006618985,9261.914338,-1.602099725,1000000.003,-0.108612837,9627.470281,2.609985124,1000000.09,0.052493748,9360.658955,0.554048389,999999.9089,0.057057962,0.001,0,0,0,0
6551.234097,6809.873679,6618.756961,0.006551234,0.006809874,0.006618757,9264.844111,-1.601616164,1000000.003,-0.10858071,9630.615715,2.609791478,1000000.09,0.052490135,9360.33586,0.554658175,999999.9089,0.057120227,0.001,0,0,0,0
6550.164605,6808.838359,6621.446319,0.006550165,0.006808838,0.006621446,9263.331619,-1.601893111,1000000.003,-0.108595671,9629.151551,2.609828525,1000000.09,0.052491665,9364.139186,0.55463166,999999.909,0.057095648,0.001,0,0,0,0
6547.30033,6808.608958,6620.13086,0.0065473,0.006808609,0.006620131,9259.280923,-1.601920124,1000000.003,-0.108642945,9628.827129,2.609713473,1000000.09,0.052501812,9362.278847,0.554413423,999999.9089,0.057088935,0.001,0,0,0,0
6550.217806,6810.030989,6618.608973,0.006550218,0.006810031,0.006618609,9263.406858,-1.601880373,1000000.003,-0.108600023,9630.838185,2.609889297,1000000.09,0.052481432,9360.126574,0.554599315,999999.9089,0.057118022,0.001,0,0,0,0
6553.032625,6807.693837,6617.766212,0.006553033,0.006807694,0.006617766,9267.387612,-1.601873443,1000000.003,-0.108551395,9627.532953,2.609923004,1000000.09,0.052501467,9358.934729,0.554591314,999999.9089,0.057117617,0.001,0,0,0,0
53.77787396,61.27271334,57.89732867,53.52499176,64.03159654,54.34475782,76.05339871,-2.894455045,1.004724165,-0.00089502,86.6527022,1.30243397,0.951478567,0.101845015,81.87918744,-0.90991616,1.059381075,0.11281442,0.001,1,1,1,1
57.25344341,62.25269172,58.60015471,57.25316607,62.25226545,58.60105793,80.96859616,-3.033764421,1.000004844,-1.36E-05,88.03860092,1.13137536,1.000006847,1.11E-05,82.87313355,-1.025488583,0.999984587,4.38E-07,0.001,1,1,1,1
59.07972601,63.38987581,58.99718893,59.07984266,63.38980648,58.99733284,83.55134979,-3.029749337,0.999998026,-2.04E-06,89.64682208,1.115003116,1.000001094,2.58E-07,83.43462472,-1.021285199,0.999997561,1.75E-06,0.001,1,1,1,1
59.61461862,63.12982891,59.69086574,59.61486045,63.12982357,59.69081581,84.30780217,-3.036154505,0.999995943,5.50E-07,89.27906023,1.119456845,1.000000085,-2.72E-06,84.41563188,-1.009605756,1.000000837,2.50E-06,0.001,1,1,1,1
61.12753401,63.70872539,60.10468897,61.12777414,63.70878416,60.10457218,86.44738763,-3.032203075,0.999996072,1.77E-06,90.09774349,1.112935643,0.999999078,-3.28E-06,85.0008663,-0.997113874,1.000001943,1.86E-06,0.001,1,1,1,1
62.48784727,64.41550669,60.02020347,62.48810103,64.41556827,60.0200673,88.37116109,-3.019192279,0.999995939,1.98E-06,91.09728319,1.106903179,0.999999044,-3.54E-06,84.88138576,-0.984262907,1.000002269,1.93E-06,0.001,1,1,1,1
60.37078044,62.8605681,60.43116745,60.37102766,62.86063607,60.43103582,85.37717648,-3.060661061,0.999995905,1.98E-06,88.89826794,1.104906689,0.999998919,-3.53E-06,85.46257659,-1.01362452,1.000002178,1.84E-06,0.001,1,1,1,1
60.93785496,62.7031127,61.14074203,60.93812528,62.70317188,61.140598,86.17914095,-3.074559666,0.999995564,1.98E-06,88.67559238,1.100805412,0.999999056,-3.85E-06,86.4660666,-1.011773684,1.000002356,2.09E-06,0.001,1,1,1,1
62.41390788,63.24928731,61.2112947,62.41417149,63.24934999,61.21115126,88.266595,-3.062721703,0.999995776,1.98E-06,89.44799993,1.095953508,0.999999009,-3.73E-06,86.56584313,-0.995110476,1.000002343,1.93E-06,0.001,1,1,1,1
60.10499678,61.76946042,61.75323877,60.10526033,61.76952461,61.75309999,85.00130162,-3.10201776,0.999995615,1.93E-06,87.35520866,1.101559158,0.999998961,-3.79E-06,87.33226779,-1.023279036,1.000002247,1.96E-06,0.001,1,1,1,1
62.02093522,62.61244451,61.72330841,62.02119921,62.61250657,61.72316766,87.71084773,-3.084183629,0.999995744,1.92E-06,88.54736819,1.093204116,0.999999009,-3.74E-06,87.28993986,-1.003621879,1.00000228,1.91E-06,0.001,1,1,1,1
62.61187759,61.7378147,63.12137591,62.61214719,61.73787338,63.12123663,88.54656646,-3.126968642,0.999995694,1.78E-06,87.31045487,1.078972381,0.99999905,-3.81E-06,89.26710589,-1.011866623,1.000002207,1.89E-06,0.001,1,1,1,1
62.5351282,62.23550664,62.50576857,62.53539491,62.23556777,62.50562782,88.43802642,-3.106199543,0.999995735,1.86E-06,88.01429755,1.084423157,0.999999018,-3.77E-06,88.39650564,-1.00654367,1.000002252,1.88E-06,0.001,1,1,1,1
63.09564313,62.80752356,62.10055458,63.09590814,62.80758523,62.10041259,89.23071424,-3.087193961,0.9999958,1.90E-06,88.82325163,1.085627884,0.999999018,-3.74E-06,87.82344652,-0.996553103,1.000002286,1.87E-06,0.001,1,1,1,1
62.26502335,62.40007451,62.19749662,62.26528872,62.40013617,62.19735614,88.05604048,-3.09756042,0.999995738,1.88E-06,88.24703167,1.088340422,0.999999012,-3.76E-06,87.96054327,-1.006297251,1.000002259,1.90E-06,0.001,1,1,1,1
62.64538151,62.43790821,62.37878308,62.64564794,62.4379687,62.37864267,88.59394815,-3.099920259,0.999995747,1.86E-06,88.3005366,1.085474294,0.999999031,-3.76E-06,88.21692104,-1.004143803,1.000002251,1.89E-06,0.001,1,1,1,1
62.16125273,62.07311206,62.4781843,62.16151944,62.07317305,62.47804426,87.90928667,-3.108733691,0.999995709,1.85E-06,87.78463694,1.086384386,0.999999017,-3.78E-06,88.35749559,-1.009759069,1.000002242,1.90E-06,0.001,1,1,1,1
62.47885167,62.45019363,62.21396686,62.47911657,62.45025526,62.21382652,88.35843939,-3.096687866,0.99999576,1.88E-06,88.3179108,1.087088524,0.999999013,-3.75E-06,87.9838357,-1.004206187,1.000002256,1.88E-06,0.001,1,1,1,1
6552.899826,6804.930627,6619.901213,0.0065529,0.006804931,0.006619901,9267.199807,-1.601323627,1000000.003,-0.108539672,9623.625183,2.609795445,1000000.09,0.052529899,9361.954077,0.554073525,999999.9089,0.057040938,1,0,0,0,0
6549.8962,6809.237388,6619.439383,0.006549896,0.006809237,0.006619439,9262.952039,-1.601788803,1000000.003,-0.108602074,9629.715863,2.609842903,1000000.09,0.052489581,9361.300951,0.554550621,999999.9089,0.057105,1,0,0,0,0
6550.371863,6809.029053,6619.763243,0.006550372,0.006809029,0.006619763,9263.624727,-1.601901422,1000000.003,-0.108594306,9629.421233,2.609791819,1000000.09,0.052495803,9361.758957,0.554595147,999999.9089,0.05710669,1,0,0,0,0
6550.218464,6809.491844,6617.394464,0.006550218,0.006809492,0.006617394,9263.407788,-1.601797692,1000000.003,-0.108600152,9630.075719,2.609916808,1000000.09,0.052484754,9358.408998,0.5545595,999999.9089,0.057123173,1,0,0,0,0
6550.492756,6808.427547,6618.855299,0.006550493,0.006808428,0.006618855,9263.795696,-1.601737236,1000000.003,-0.108591293,9628.570576,2.609853774,1000000.09,0.052496427,9360.474931,0.554509441,999999.9089,0.057103708,1,0,0,0,0
6549.785217,6809.986332,6619.851915,0.006549785,0.006809986,0.006619852,9262.795085,-1.601773439,1000000.003,-0.108605526,9630.77503,2.609866224,1000000.09,0.052480271,9361.884359,0.554752463,999999.9089,0.057122784,1,0,0,0,0
6550.016413,6808.415689,6619.419001,0.006550016,0.006808416,0.006619419,9263.122045,-1.601985297,1000000.003,-0.108599657,9628.553805,2.609906053,1000000.09,0.052492807,9361.272126,0.554356748,999999.9089,0.057085101,1,0,0,0,0
6549.286656,6808.952467,6618.559808,0.006549287,0.006808952,0.00661856,9262.090013,-1.601905909,1000000.003,-0.108613396,9629.312924,2.609738469,1000000.09,0.052500946,9360.057044,0.554577844,999999.9089,0.057116868,1,0,0,0,0
6549.003789,6809.158752,6620.366066,0.006549004,0.006809159,0.006620366,9261.689978,-1.602105229,1000000.003,-0.108617179,9629.604655,2.60976879,1000000.09,0.052495512,9362.611478,0.554492718,999999.9089,0.057094258,1,0,0,0,0
6550.510923,6809.362425,6618.407485,0.006550511,0.006809362,0.006618407,9263.821388,-1.601820406,1000000.003,-0.108593946,9629.892692,2.609759277,1000000.09,0.052496989,9359.841627,0.554689053,999999.9089,0.057127863,1,0,0,0,0
6550.103957,6807.760769,6620.411122,0.006550104,0.006807761,0.006620411,9263.24585,-1.60205889,1000000.003,-0.108598013,9627.627609,2.60986635,1000000.09,0.052498899,9362.675198,0.554646447,999999.9089,0.057105431,1,0,0,0,0
6552.120091,6812.792688,6619.847495,0.00655212,0.006812793,0.006619847,9266.097095,-1.601919114,1000000.003,-0.108567732,9634.743817,2.608975572,1000000.09,0.052533419,9361.878108,0.554848816,999999.909,0.057138433,1,0,0,0,0
6549.162435,6807.649521,6618.985424,0.006549162,0.00680765,0.006618985,9261.914338,-1.602099725,1000000.003,-0.108612837,9627.470281,2.609985124,1000000.09,0.052493748,9360.658955,0.554048389,999999.9089,0.057057962,1,0,0,0,0
6551.234097,6809.873679,6618.756961,0.006551234,0.006809874,0.006618757,9264.844111,-1.601616164,1000000.003,-0.10858071,9630.615715,2.609791478,1000000.09,0.052490135,9360.33586,0.554658175,999999.9089,0.057120227,1,0,0,0,0
6550.164605,6808.838359,6621.446319,0.006550165,0.006808838,0.006621446,9263.331619,-1.601893111,1000000.003,-0.108595671,9629.151551,2.609828525,1000000.09,0.052491665,9364.139186,0.55463166,999999.909,0.057095648,1,0,0,0,0
6547.30033,6808.608958,6620.13086,0.0065473,0.006808609,0.006620131,9259.280923,-1.601920124,1000000.003,-0.108642945,9628.827129,2.609713473,1000000.09,0.052501812,9362.278847,0.554413423,999999.9089,0.057088935,1,0,0,0,0
6550.217806,6810.030989,6618.608973,0.006550218,0.006810031,0.006618609,9263.406858,-1.601880373,1000000.003,-0.108600023,9630.838185,2.609889297,1000000.09,0.052481432,9360.126574,0.554599315,999999.9089,0.057118022,1,0,0,0,0
6553.032625,6807.693837,6617.766212,0.006553033,0.006807694,0.006617766,9267.387612,-1.601873443,1000000.003,-0.108551395,9627.532953,2.609923004,1000000.09,0.052501467,9358.934729,0.554591314,999999.9089,0.057117617,1,0,0,0,0
53.77787396,61.27271334,57.89732867,53.52499176,64.03159654,54.34475782,76.05339871,-2.894455045,1.004724165,-0.00089502,86.6527022,1.30243397,0.951478567,0.101845015,81.87918744,-0.90991616,1.059381075,0.11281442,1,1,1,1,1
57.25344341,62.25269172,58.60015471,57.25316607,62.25226545,58.60105793,80.96859616,-3.033764421,1.000004844,-1.36E-05,88.03860092,1.13137536,1.000006847,1.11E-05,82.87313355,-1.025488583,0.999984587,4.38E-07,1,1,1,1,1
59.07972601,63.38987581,58.99718893,59.07984266,63.38980648,58.99733284,83.55134979,-3.029749337,0.999998026,-2.04E-06,89.64682208,1.115003116,1.000001094,2.58E-07,83.43462472,-1.021285199,0.999997561,1.75E-06,1,1,1,1,1
59.61461862,63.12982891,59.69086574,59.61486045,63.12982357,59.69081581,84.30780217,-3.036154505,0.999995943,5.50E-07,89.27906023,1.119456845,1.000000085,-2.72E-06,84.41563188,-1.009605756,1.000000837,2.50E-06,1,1,1,1,1
61.12753401,63.70872539,60.10468897,61.12777414,63.70878416,60.10457218,86.44738763,-3.032203075,0.999996072,1.77E-06,90.09774349,1.112935643,0.999999078,-3.28E-06,85.0008663,-0.997113874,1.000001943,1.86E-06,1,1,1,1,1
62.48784727,64.41550669,60.02020347,62.48810103,64.41556827,60.0200673,88.37116109,-3.019192279,0.999995939,1.98E-06,91.09728319,1.106903179,0.999999044,-3.54E-06,84.88138576,-0.984262907,1.000002269,1.93E-06,1,1,1,1,1
60.37078044,62.8605681,60.43116745,60.37102766,62.86063607,60.43103582,85.37717648,-3.060661061,0.999995905,1.98E-06,88.89826794,1.104906689,0.999998919,-3.53E-06,85.46257659,-1.01362452,1.000002178,1.84E-06,1,1,1,1,1
60.93785496,62.7031127,61.14074203,60.93812528,62.70317188,61.140598,86.17914095,-3.074559666,0.999995564,1.98E-06,88.67559238,1.100805412,0.999999056,-3.85E-06,86.4660666,-1.011773684,1.000002356,2.09E-06,1,1,1,1,1
62.41390788,63.24928731,61.2112947,62.41417149,63.24934999,61.21115126,88.266595,-3.062721703,0.999995776,1.98E-06,89.44799993,1.095953508,0.999999009,-3.73E-06,86.56584313,-0.995110476,1.000002343,1.93E-06,1,1,1,1,1
60.10499678,61.76946042,61.75323877,60.10526033,61.76952461,61.75309999,85.00130162,-3.10201776,0.999995615,1.93E-06,87.35520866,1.101559158,0.999998961,-3.79E-06,87.33226779,-1.023279036,1.000002247,1.96E-06,1,1,1,1,1
62.02093522,62.61244451,61.72330841,62.02119921,62.61250657,61.72316766,87.71084773,-3.084183629,0.999995744,1.92E-06,88.54736819,1.093204116,0.999999009,-3.74E-06,87.28993986,-1.003621879,1.00000228,1.91E-06,1,1,1,1,1
62.61187759,61.7378147,63.12137591,62.61214719,61.73787338,63.12123663,88.54656646,-3.126968642,0.999995694,1.78E-06,87.31045487,1.078972381,0.99999905,-3.81E-06,89.26710589,-1.011866623,1.000002207,1.89E-06,1,1,1,1,1
62.5351282,62.23550664,62.50576857,62.53539491,62.23556777,62.50562782,88.43802642,-3.106199543,0.999995735,1.86E-06,88.01429755,1.084423157,0.999999018,-3.77E-06,88.39650564,-1.00654367,1.000002252,1.88E-06,1,1,1,1,1
63.09564313,62.80752356,62.10055458,63.09590814,62.80758523,62.10041259,89.23071424,-3.087193961,0.9999958,1.90E-06,88.82325163,1.085627884,0.999999018,-3.74E-06,87.82344652,-0.996553103,1.000002286,1.87E-06,1,1,1,1,1
62.26502335,62.40007451,62.19749662,62.26528872,62.40013617,62.19735614,88.05604048,-3.09756042,0.999995738,1.88E-06,88.24703167,1.088340422,0.999999012,-3.76E-06,87.96054327,-1.006297251,1.000002259,1.90E-06,1,1,1,1,1
62.64538151,62.43790821,62.37878308,62.64564794,62.4379687,62.37864267,88.59394815,-3.099920259,0.999995747,1.86E-06,88.3005366,1.085474294,0.999999031,-3.76E-06,88.21692104,-1.004143803,1.000002251,1.89E-06,1,1,1,1,1
62.16125273,62.07311206,62.4781843,62.16151944,62.07317305,62.47804426,87.90928667,-3.108733691,0.999995709,1.85E-06,87.78463694,1.086384386,0.999999017,-3.78E-06,88.35749559,-1.009759069,1.000002242,1.90E-06,1,1,1,1,1
62.47885167,62.45019363,62.21396686,62.47911657,62.45025526,62.21382652,88.35843939,-3.096687866,0.99999576,1.88E-06,88.3179108,1.087088524,0.999999013,-3.75E-06,87.9838357,-1.004206187,1.000002256,1.88E-06,1,1,1,1,1
6551.806648,6805.322524,6620.749839,0.006551807,0.006805323,0.00662075,9265.653819,-1.601329166,1000000.003,-0.108557048,9624.179409,2.609717792,1000000.09,0.052530608,9363.154215,0.554116714,999999.9089,0.057040822,10,0,0,0,0
6549.62023,6809.240288,6619.222036,0.00654962,0.00680924,0.006619222,9262.561757,-1.601779046,1000000.003,-0.108606048,9629.719965,2.609752418,1000000.09,0.052497118,9360.993576,0.554499242,999999.9089,0.05710294,10,0,0,0,0
6549.566083,6809.161582,6620.104022,0.006549566,0.006809162,0.006620104,9262.485182,-1.601750223,1000000.003,-0.108606771,9629.608658,2.609820433,1000000.09,0.052490166,9362.240893,0.554663492,999999.9089,0.057111411,10,0,0,0,0
6549.072576,6809.157555,6619.925695,0.006549073,0.006809158,0.006619926,9261.787258,-1.601911941,1000000.003,-0.108615932,9629.602963,2.609803694,1000000.09,0.052492154,9361.9887,0.554604172,999999.9089,0.057108535,10,0,0,0,0
6551.078492,6809.249291,6619.09091,0.006551078,0.006809249,0.006619091,9264.624052,-1.601845242,1000000.003,-0.108582929,9629.732697,2.609717104,1000000.09,0.052501774,9360.808136,0.554602322,999999.9089,0.057113198,10,0,0,0,0
6550.504939,6809.109447,6618.678121,0.006550505,0.006809109,0.006618678,9263.812925,-1.602020651,1000000.003,-0.108594353,9629.534928,2.609869596,1000000.09,0.05249157,9360.224363,0.554521799,999999.9089,0.057109384,10,0,0,0,0
6549.503329,6808.768401,6620.013519,0.006549503,0.006808768,0.006620014,9262.396435,-1.601776376,1000000.003,-0.108607152,9629.052616,2.609849469,1000000.09,0.052491493,9362.112902,0.554559271,999999.9089,0.057101217,10,0,0,0,0
6550.082248,6809.617557,6618.584192,0.006550082,0.006809618,0.006618584,9263.21515,-1.601817083,1000000.003,-0.108601577,9630.253504,2.610041461,1000000.09,0.052472459,9360.091528,0.554526409,999999.9089,0.057109935,10,0,0,0,0
6550.551008,6809.510602,6618.619733,0.006550551,0.006809511,0.00661862,9263.878077,-1.6019019,1000000.003,-0.108593711,9630.102247,2.60984863,1000000.09,0.052489367,9360.141791,0.554606324,999999.9089,0.057118362,10,0,0,0,0
6550.103447,6809.317536,6619.310084,0.006550103,0.006809318,0.00661931,9263.245129,-1.601825595,1000000.003,-0.10859908,9629.829209,2.609866483,1000000.09,0.052487961,9361.118094,0.554525288,999999.9089,0.057104016,10,0,0,0,0
6550.652959,6808.793839,6619.03313,0.006550653,0.006808794,0.006619033,9264.022257,-1.601988921,1000000.003,-0.108591546,9629.08859,2.610045603,1000000.09,0.052479545,9360.726422,0.554498643,999999.9089,0.057102355,10,0,0,0,0
6550.509023,6809.856954,6618.887583,0.006550509,0.006809857,0.006618888,9263.818701,-1.601892107,1000000.003,-0.108593524,9630.592062,2.609662623,1000000.09,0.052501201,9360.520588,0.5546052,999999.9089,0.05711729,10,0,0,0,0
6550.676566,6808.729751,6619.976609,0.006550677,0.00680873,0.006619977,9264.055642,-1.601759457,1000000.003,-0.108588149,9628.997957,2.60993478,1000000.09,0.052486293,9362.060703,0.554586579,999999.9089,0.057102265,10,0,0,0,0
6548.97917,6809.185963,6619.999568,0.006548979,0.006809186,0.00662,9261.655162,-1.601813518,1000000.003,-0.108616138,9629.643137,2.609826925,1000000.09,0.052489956,9362.093172,0.554480616,999999.9089,0.057094917,10,0,0,0,0
6551.445924,6809.501162,6618.716185,0.006551446,0.006809501,0.006618716,9265.143678,-1.601665068,1000000.003,-0.108578934,9630.088896,2.610001791,1000000.09,0.052476143,9360.278194,0.554810134,999999.9089,0.057134961,10,0,0,0,0
6550.241028,6809.79185,6621.334002,0.006550241,0.006809792,0.006621334,9263.439699,-1.601828193,1000000.003,-0.108593064,9630.499991,2.609721704,1000000.09,0.052494384,9363.980347,0.55432967,999999.9089,0.057067962,10,0,0,0,0
6548.122119,6809.83811,6620.817914,0.006548122,0.006809838,0.006620818,9260.443109,-1.601439938,1000000.003,-0.108626427,9630.565413,2.609774749,1000000.09,0.05248587,9363.250487,0.554339257,999999.9089,0.057073734,10,0,0,0,0
6549.30393,6809.048519,6618.843075,0.006549304,0.006809049,0.006618843,9262.114441,-1.601879804,1000000.003,-0.10861271,9629.448762,2.60983268,1000000.09,0.052492647,9360.457644,0.554510316,999999.9089,0.057107637,10,0,0,0,0
599.1490266,661.4515804,523.64345,59.88550496,66.45157108,51.82062275,847.3246793,-2.72774621,10.00490879,-0.001989412,935.4337959,1.275160909,9.953075607,0.127269638,740.5436689,-0.83829136,10.10408515,0.130194689,10,1,1,1,1
615.9984137,645.2375088,572.6876368,61.60063119,64.5243157,57.26923948,871.1533111,-2.883086637,9.999871785,4.44E-06,912.5036359,1.198375551,9.999912465,-2.43E-05,809.902623,-0.885393191,9.999916919,2.56E-05,10,1,1,1,1
616.8117666,632.0074096,597.1405036,61.68198775,63.20134626,59.7144743,872.3035657,-2.951985761,9.999868504,1.53E-05,893.7934501,1.18329641,9.999904226,-3.39E-05,844.4841988,-0.904605439,9.999929005,2.16E-05,10,1,1,1,1
606.4093427,622.1105265,606.945012,60.64173969,62.21166469,60.69491878,857.5923168,-2.990118751,9.999867183,1.78E-05,879.7971439,1.181106933,9.99990162,-3.63E-05,858.3498676,-0.925038612,9.9999312,2.04E-05,10,1,1,1,1
617.5585421,619.3229817,618.4861419,61.75667626,61.93290766,61.84903747,873.3596658,-3.014803124,9.999866889,1.74E-05,875.8549603,1.170416942,9.999901589,-3.73E-05,874.67149,-0.922661608,9.999931562,2.00E-05,10,1,1,1,1
617.6109647,618.9312211,619.0124624,61.76191851,61.89373138,61.9016701,873.4338026,-3.016577468,9.999866902,1.74E-05,875.3009271,1.169942683,9.999901563,-3.73E-05,875.4158197,-0.923164173,9.999931528,2.00E-05,10,1,1,1,1
617.6253287,618.8274323,619.1793517,61.76335513,61.88335234,61.91835908,873.4541164,-3.017067375,9.999866869,1.74E-05,875.1541476,1.169845881,9.999901572,-3.73E-05,875.6518367,-0.923289387,9.999931537,2.00E-05,10,1,1,1,1
617.4911854,618.641764,619.349868,61.74994073,61.8647854,61.93541083,873.2644091,-3.017750487,9.999866852,1.74E-05,874.8915728,1.169778536,9.999901559,-3.73E-05,875.8929832,-0.923592178,9.999931537,2.00E-05,10,1,1,1,1
617.5003287,618.6045272,619.476635,61.75085507,61.86106167,61.94808771,873.2773397,-3.01786777,9.999866853,1.74E-05,874.8389122,1.169925413,9.999901561,-3.73E-05,876.0722588,-0.923512209,9.999931521,2.00E-05,10,1,1,1,1
617.5341343,618.6211798,619.4673729,61.75423573,61.86272693,61.94716141,873.325148,-3.017903375,9.999866843,1.74E-05,874.8624624,1.169824027,9.999901564,-3.73E-05,876.0591601,-0.92355591,9.999931534,2.00E-05,10,1,1,1,1
617.5142138,618.5620242,619.646258,61.75224368,61.85681133,61.96505013,873.2969761,-3.018265929,9.999866839,1.74E-05,874.7788038,1.16986996,9.999901561,-3.73E-05,876.312142,-0.923659107,9.999931521,2.00E-05,10,1,1,1,1
617.5741664,618.5767849,619.6018306,61.75823906,61.85828732,61.96060736,873.3817619,-3.018256782,9.999866833,1.74E-05,874.7996786,1.169726666,9.999901576,-3.73E-05,876.2493122,-0.923661718,9.999931521,2.00E-05,10,1,1,1,1
617.5712207,618.5442869,619.5960282,61.75794444,61.85503752,61.96002711,873.377596,-3.018218063,9.999866839,1.74E-05,874.7537194,1.16978767,9.99990157,-3.73E-05,876.2411062,-0.92357124,9.999931522,2.00E-05,10,1,1,1,1
617.5470378,618.596348,619.5585794,61.755526,61.86024382,61.95628219,873.3433963,-3.018127987,9.999866859,1.74E-05,874.827345,1.169781537,9.999901549,-3.73E-05,876.1881457,-0.923638336,9.999931524,1.99E-05,10,1,1,1,1
617.5725328,618.5632521,619.5718432,61.75807564,61.85693411,61.95760854,873.3794517,-3.018259002,9.999866841,1.74E-05,874.7805403,1.169681733,9.999901562,-3.73E-05,876.2069035,-0.923669964,9.999931531,2.00E-05,10,1,1,1,1
617.5565144,618.5496589,619.57032,61.75647374,61.85557472,61.95745632,873.3567981,-3.018195831,9.999866847,1.74E-05,874.7613166,1.16977171,9.999901573,-3.73E-05,876.2047494,-0.923596523,9.999931513,2.00E-05,10,1,1,1,1
617.5791746,618.6121,619.5335326,61.75873977,61.86181896,61.95377748,873.3888446,-3.018038495,9.999866851,1.74E-05,874.8496217,1.16977962,9.999901562,-3.73E-05,876.1527241,-0.923570459,9.999931526,2.00E-05,10,1,1,1,1
617.5304818,618.6172889,619.5716556,61.75387059,61.86233773,61.95758982,873.3199826,-3.01816604,9.999866824,1.74E-05,874.8569599,1.169763846,9.999901582,-3.73E-05,876.2066381,-0.92371478,9.999931523,2.00E-05,10,1,1,1,1
6552.543724,6804.745599,6620.545529,0.006552544,0.006804746,0.006620546,9266.696202,-1.60122882,1000000.003,-0.108543604,9623.363514,2.609791368,1000000.09,0.052529908,9362.865277,0.554035075,999999.9089,0.057031566,50,0,0,0,0
6551.211808,6809.720381,6620.73081,0.006551212,0.00680972,0.006620731,9264.812589,-1.601616715,1000000.003,-0.108575468,9630.398918,2.609659942,1000000.09,0.052500948,9363.127305,0.554251489,999999.9089,0.057062917,50,0,0,0,0
6547.918792,6808.964354,6622.594749,0.006547919,0.006808964,0.006622595,9260.155561,-1.601734367,1000000.003,-0.108630985,9629.329736,2.609737904,1000000.09,0.052491913,9365.763312,0.554798832,999999.909,0.057105556,50,0,0,0,0
6548.648372,6808.86565,6619.452937,0.006548648,0.006808866,0.006619453,9261.187344,-1.601964048,1000000.003,-0.108622733,9629.190147,2.609934745,1000000.09,0.052485091,9361.320119,0.554323578,999999.9089,0.057083888,50,0,0,0,0
6551.163025,6809.10872,6617.838732,0.006551163,0.006809109,0.006617839,9264.743599,-1.601780394,1000000.003,-0.108582518,9629.533899,2.609773916,1000000.09,0.052499638,9359.037289,0.554542939,999999.9089,0.057116914,50,0,0,0,0
6551.245789,6809.081144,6618.655448,0.006551246,0.006809081,0.006618655,9264.860645,-1.602053085,1000000.003,-0.108583165,9629.494902,2.60991096,1000000.09,0.052488782,9360.192299,0.554622533,999999.9089,0.057118607,50,0,0,0,0
6548.576623,6809.302782,6620.356043,0.006548577,0.006809303,0.006620356,9261.085875,-1.601664307,1000000.003,-0.108623538,9629.808345,2.609957147,1000000.09,0.052475464,9362.597304,0.554722642,999999.909,0.057115359,50,0,0,0,0
6549.754465,6808.75268,6619.377129,0.006549754,0.006808753,0.006619377,9262.751595,-1.601782681,1000000.003,-0.108604577,9629.030383,2.609930227,1000000.09,0.052485735,9361.21291,0.554605291,999999.9089,0.057110503,50,0,0,0,0
6549.84785,6808.774369,6619.988852,0.006549848,0.006808774,0.006619989,9262.88366,-1.601894711,1000000.003,-0.108601858,9629.061055,2.609791912,1000000.09,0.052496965,9362.078018,0.554508628,999999.9089,0.057096643,50,0,0,0,0
6550.380614,6809.014488,6619.910163,0.006550381,0.006809014,0.00661991,9263.637102,-1.601547117,1000000.003,-0.108590942,9629.400635,2.609749625,1000000.09,0.052497514,9361.966734,0.554548383,999999.9089,0.057099292,50,0,0,0,0
6548.214436,6808.540162,6623.17248,0.006548214,0.00680854,0.006623172,9260.573665,-1.601603332,1000000.003,-0.108622291,9628.729837,2.609844119,1000000.09,0.052487343,9366.580347,0.554429963,999999.909,0.057061152,50,0,0,0,0
6550.016831,6809.296638,6618.784455,0.006550017,0.006809297,0.006618784,9263.122636,-1.601804777,1000000.003,-0.108601759,9629.799656,2.610049813,1000000.09,0.052473719,9360.374743,0.554477889,999999.9089,0.057102683,50,0,0,0,0
6550.511282,6808.743393,6618.651642,0.006550511,0.006808743,0.006618652,9263.821895,-1.602120017,1000000.003,-0.108593919,9629.01725,2.609757672,1000000.09,0.05250363,9360.186917,0.554499462,999999.9089,0.057107772,50,0,0,0,0
6550.453771,6809.794586,6618.646021,0.006550454,0.006809795,0.006618646,9263.740563,-1.601643197,1000000.003,-0.108595047,9630.503861,2.609935853,1000000.09,0.052477876,9360.178968,0.554734149,999999.9089,0.057129559,50,0,0,0,0
6550.364178,6808.156762,6620.110925,0.006550364,0.006808157,0.006620111,9263.613859,-1.601982677,1000000.003,-0.108593108,9628.187627,2.609868736,1000000.09,0.052496649,9362.250655,0.554468055,999999.9089,0.057090127,50,0,0,0,0
6549.904146,6809.841895,6620.901767,0.006549904,0.006809842,0.006620902,9262.963275,-1.601905549,1000000.003,-0.108602509,9630.570766,2.609720224,1000000.09,0.052492142,9363.369073,0.554793409,999999.909,0.057119305,50,0,0,0,0
6552.734596,6808.507099,6619.718662,0.006552735,0.006808507,0.006619719,9266.966136,-1.601833978,1000000.003,-0.108555569,9628.683078,2.609875405,1000000.09,0.052494817,9361.695911,0.554793236,999999.9089,0.057123014,50,0,0,0,0
6550.317454,6809.03893,6621.04655,0.006550317,0.006809039,0.006621047,9263.547782,-1.602216113,1000000.003,-0.108591481,9629.435201,2.609874925,1000000.09,0.052492482,9363.573829,0.553733492,999999.9089,0.057010296,50,0,0,0,0
2903.487657,2810.463135,2073.610926,58.06730627,56.22552904,41.28377086,4106.151622,-2.34350445,50.00210672,-0.004451313,3974.595082,1.546733558,49.98516933,0.191128823,2932.528695,-0.35380164,50.22814368,0.095543488,50,1,1,1,1
2765.09231,2788.486221,2776.933606,55.30479809,55.77246872,55.54130395,3910.431047,-2.667646213,49.99733126,5.44E-05,3943.515032,1.506194954,49.99753973,-0.000171399,3927.177168,-0.576092894,49.99763075,0.000118922,50,1,1,1,1
2766.712838,2787.044585,2806.611814,55.337211,55.74363892,56.13489408,3912.722818,-2.679799416,49.99733068,5.69E-05,3941.476251,1.505934612,49.99753584,-0.000173804,3969.148492,-0.581523219,49.99763267,0.000116099,50,1,1,1,1
2767.139739,2787.177237,2806.849608,55.34574957,55.7462922,56.13964997,3913.326548,-2.679940477,49.99733061,5.71E-05,3941.66385,1.50575357,49.99753575,-0.000173962,3969.484783,-0.581593869,49.99763286,0.000116076,50,1,1,1,1
2767.119548,2787.03771,2807.01821,55.3453457,55.74350153,56.1430222,3913.297993,-2.67998323,49.99733063,5.70E-05,3941.466529,1.505816913,49.99753575,-0.000173944,3969.723222,-0.581547828,49.99763283,0.000116055,50,1,1,1,1
2767.061788,2786.876486,2807.256456,55.34419046,55.74027692,56.14778732,3913.216308,-2.680142486,49.99733061,5.70E-05,3941.238524,1.505798514,49.99753572,-0.000173979,3970.060153,-0.581605184,49.99763285,0.000116039,50,1,1,1,1
2767.080857,2786.821522,2807.232619,55.34457185,55.73917761,56.14731055,3913.243276,-2.680085537,49.99733062,5.71E-05,3941.160793,1.505851687,49.9975357,-0.000173983,3970.026443,-0.581528969,49.99763286,0.000116019,50,1,1,1,1
2767.028153,2786.894381,2807.344849,55.34351773,55.74063485,56.14955526,3913.168742,-2.680086502,49.99733061,5.71E-05,3941.26383,1.50589297,49.9975357,-0.000173984,3970.185159,-0.581547374,49.99763285,0.000116023,50,1,1,1,1
2767.205517,2786.890308,2807.087738,55.3470652,55.74055338,56.14441276,3913.419572,-2.680073298,49.99733061,5.71E-05,3941.258071,1.505761221,49.99753572,-0.000174002,3969.82155,-0.581549092,49.99763289,0.000116039,50,1,1,1,1
2766.84992,2786.970524,2807.270917,55.33995287,55.74215781,56.14807656,3912.916682,-2.680149315,49.99733061,5.71E-05,3941.371513,1.505820131,49.99753568,-0.000173978,3970.080605,-0.581695371,49.99763286,0.000116019,50,1,1,1,1
2766.921651,2786.968692,2807.199963,55.34138756,55.74212115,56.14665742,3913.018125,-2.680064886,49.99733062,5.71E-05,3941.368922,1.505862428,49.9975357,-0.000173965,3969.98026,-0.581608706,49.99763285,0.000116024,50,1,1,1,1
2766.988355,2787.106873,2807.153204,55.34272171,55.7448849,56.14572216,3913.112458,-2.679991095,49.99733061,5.71E-05,3941.56434,1.505872479,49.9975357,-0.000173974,3969.914132,-0.581588012,49.99763286,0.000116038,50,1,1,1,1
2766.877145,2786.888004,2807.378715,55.34049741,55.74050731,56.15023262,3912.955183,-2.680030654,49.99733061,5.71E-05,3941.254812,1.505995522,49.99753569,-0.000173985,3970.233054,-0.581513243,49.99763285,0.000116023,50,1,1,1,1
2766.897087,2787.114825,2807.088079,55.34089627,55.74504398,56.14441959,3912.983386,-2.679943525,49.99733062,5.71E-05,3941.575586,1.505908736,49.99753568,-0.000173978,3969.822032,-0.581578273,49.99763288,0.000116028,50,1,1,1,1
2766.908276,2786.871312,2807.42735,55.34112006,55.74017348,56.15120537,3912.99921,-2.680127906,49.99733062,5.71E-05,3941.231206,1.505914809,49.99753567,-0.000173983,3970.301834,-0.581589046,49.99763285,0.000116004,50,1,1,1,1
2766.986588,2787.044651,2807.208682,55.34268637,55.7436404,56.1468318,3913.10996,-2.680074153,49.99733063,5.71E-05,3941.476344,1.505827078,49.99753569,-0.000173963,3969.99259,-0.581634665,49.99763285,0.000116023,50,1,1,1,1
2766.765124,2787.151156,2807.29056,55.33825689,55.74577061,56.14846944,3912.796763,-2.680005057,49.9973306,5.71E-05,3941.626965,1.505952947,49.99753569,-0.000173975,3970.108384,-0.581637504,49.99763285,0.000116042,50,1,1,1,1
2767.059787,2786.910672,2807.18023,55.34415042,55.7409607,56.14626271,3913.213478,-2.680038156,49.99733063,5.71E-05,3941.28687,1.50586237,49.99753569,-0.000173981,3969.952353,-0.581534692,49.99763287,0.000116018,50,1,1,1,1
6551.521478,6805.273871,6621.091003,0.006646026,0.006662435,0.006664023,9265.250528,-1.60135564,985641.1051,-16564.06283,9624.110604,2.609640912,1021430.309,-4350.155142,9363.636695,0.554203364,993339.3014,20822.79989,0.001,0,0,0,0
6550.010974,6809.32306,6618.942618,0.006645333,0.006663721,0.006663658,9263.114354,-1.601884449,985509.6732,-16971.23257,9629.837022,2.609819119,1021841.069,-4267.960136,9360.598419,0.554586915,993064.5093,21146.0647,0.001,0,0,0,0
6548.294721,6808.273083,6620.746396,0.006644132,0.006663194,0.006664453,9260.687205,-1.601690275,985431.7211,-16841.34969,9628.35213,2.609865894,1021763.753,-4401.34565,9363.149347,0.554605697,993216.8833,21138.4908,0.001,0,0,0,0
6550.00232,6810.017853,6619.324179,0.006645737,0.006664135,0.006663884,9263.102115,-1.601854367,985448.1723,-16983.05691,9630.819608,2.609760507,1021881.696,-4314.337338,9361.138027,0.554719113,993086.7949,21205.35436,0.001,0,0,0,0
6550.328781,6808.554722,6618.500279,0.006645139,0.006663203,0.006663494,9263.563801,-1.601971254,985586.2623,-16972.64113,9628.750428,2.609875433,1021805.484,-4202.684082,9359.972857,0.554452756,993023.9539,21081.58763,0.001,0,0,0,0
6550.106271,6809.377475,6619.131441,0.006645381,0.006663874,0.006663805,9263.249124,-1.601853387,985517.0636,-16958.31284,9629.913977,2.609837052,1021825.886,-4267.807054,9360.865455,0.554564437,993071.2188,21132.57086,0.001,0,0,0,0
6551.167751,6808.984618,6618.847129,0.0066462,0.006663619,0.006663623,9264.750283,-1.601895314,985555.5341,-16952.90142,9629.358392,2.60975513,1021806.125,-4236.323033,9360.463377,0.554558311,993056.3797,21100.68603,0.001,0,0,0,0
6550.228913,6809.348135,6621.136341,0.006645561,0.00666441,0.006665225,9263.422566,-1.601931693,985510.5997,-16856.32493,9629.872483,2.609679017,1021738.97,-4324.906311,9363.700812,0.554273738,993161.5416,21080.86582,0.001,0,0,0,0
6549.777572,6810.136661,6618.863864,0.00664468,0.006664665,0.006663911,9262.784274,-1.601915773,985571.2143,-16986.55347,9630.987628,2.609934825,1021818.67,-4207.598605,9360.487043,0.554303939,993015.8848,21097.20178,0.001,0,0,0,0
6550.258619,6808.222649,6619.674634,0.006645461,0.006663099,0.006664048,9263.464576,-1.601839761,985529.1479,-16899.34471,9628.280806,2.609820278,1021771.332,-4287.836682,9361.633646,0.554571285,993117.3473,21091.82546,0.001,0,0,0,0
6550.352303,6810.343047,6619.241885,0.006645709,0.006664561,0.006664099,9263.597065,-1.601863836,985504.7611,-16998.23799,9631.279502,2.609872197,1021865.433,-4258.603091,9361.021647,0.554608835,993043.1857,21163.74578,0.001,0,0,0,0
6549.429363,6809.524011,6619.203046,0.006644388,0.006664371,0.006663895,9262.291831,-1.601830762,985563.129,-16927.81333,9630.12121,2.609911006,1021771.69,-4243.081312,9360.96672,0.55427306,993069.7491,21072.54055,0.001,0,0,0,0
6551.016011,6809.581383,6617.812017,0.006645861,0.006663885,0.006663099,9264.53569,-1.601923489,985581.6616,-17026.36226,9630.202345,2.609863637,1021855.12,-4177.341227,9358.999508,0.554560819,992978.7652,21116.70935,0.001,0,0,0,0
6548.953209,6809.111394,6621.632937,0.006644819,0.006664126,0.006665229,9261.618448,-1.601528511,985429.2799,-16821.15509,9629.537682,2.609969701,1021746.736,-4412.625045,9364.403104,0.554684553,993234.3127,21129.45854,0.001,0,0,0,0
6548.506538,6809.474329,6620.393498,0.006644479,0.006663746,0.006664574,9260.986759,-1.601919143,985410.5272,-16940.58155,9630.050949,2.60979571,1021859.523,-4371.617447,9362.650273,0.554606961,993144.3528,21209.10966,0.001,0,0,0,0
6551.79109,6808.636797,6617.407492,0.006646011,0.006663429,0.006662862,9265.631817,-1.601823708,985676.5117,-16995.22398,9628.866499,2.610005217,1021783.526,-4110.820137,9358.427424,0.554518914,992955.3975,21020.89354,0.001,0,0,0,0
6549.385008,6810.700824,6619.993761,0.006645274,0.006664585,0.006664626,9262.229103,-1.601942708,985423.5245,-17011.93358,9631.785474,2.609836734,1021915.225,-4324.160487,9362.084959,0.55467965,993075.9621,21237.39028,0.001,0,0,0,0
6549.4443,6807.781796,6619.711569,0.006644641,0.006662514,0.006664222,9262.312954,-1.601850323,985527.7939,-16927.46146,9627.657346,2.610025134,1021794.879,-4278.962247,9361.68588,0.554674395,993096.6483,21104.90444,0.001,0,0,0,0
329.1391633,268.4727634,231.1460416,57.54146488,60.85109316,63.43307812,465.4730687,3.001040016,5.647211319,-0.909834493,379.6778232,2.74884508,-0.128874471,4.410080238,326.8898669,-3.110341347,-1.774656589,-3.18258692,0.001,1,1,1,0
189.1126307,118.8525876,101.1300038,62.0899428,61.75892294,59.19851126,267.4456472,3.111254167,3.022497562,-0.375920409,168.0829413,2.549943405,0.213121623,1.912622842,143.019423,-2.762325344,-0.368473273,-1.668108164,0.001,1,1,1,0
70.04807658,76.8235506,42.97929706,62.330753,65.40485889,60.05372985,99.06293992,3.037356101,1.093449123,-0.25946763,108.6449072,1.288077297,1.15528738,0.212038753,60.78190481,-0.95920739,0.715132521,0.028006806,0.001,1,1,1,0
30.13679158,93.52645015,75.42196874,63.36679336,64.86254484,58.93097175,42.61985938,3.052258963,0.461651662,-0.114307777,132.2663742,0.852432368,1.395025704,-0.364732616,106.6627711,-0.497472795,1.143891372,0.574014166,0.001,1,1,1,0
42.87940935,66.98746564,89.31084005,58.93847506,64.74603187,57.55549148,60.64064225,-2.374352079,0.605167028,0.403819656,94.73458242,0.63284902,0.903063712,-0.504888222,126.3046013,-0.860299913,1.536702832,0.215462926,0.001,1,1,1,0
52.14305746,62.80286961,79.42118128,62.56029179,65.34559724,58.80214226,73.74141904,-2.663573686,0.790740094,0.263490329,88.81666996,0.78318633,0.90995968,-0.309295218,112.3185117,-0.917260225,1.348054303,0.083714601,0.001,1,1,1,0
63.31224201,53.88039882,73.44799216,63.23917491,63.54478926,61.37255762,89.53703132,-2.85752954,0.980216672,0.203684631,76.19839076,0.942547844,0.838738889,-0.124386851,103.8711466,-1.060012488,1.193880482,-0.082915173,0.001,1,1,1,0
64.78620998,52.5428121,71.43357574,62.32338529,63.17599277,61.25488847,91.62153681,-2.880775725,1.021709269,0.191586741,74.30675748,0.997965518,0.827763506,-0.080715938,101.0223316,-1.094228786,1.160733125,-0.112470672,0.001,1,1,1,0
70.37210552,58.26804804,61.24732631,64.0810688,63.25015472,62.12894148,99.52118604,-3.049003926,1.097647374,0.033976243,82.40346379,1.15296391,0.918847702,0.066232612,86.61679952,-1.094295663,0.980224626,-0.104789616,0.001,1,1,1,0
63.59158594,63.74885826,59.91269933,62.46584435,62.36606776,62.3531284,89.93208329,-3.135427737,1.017417808,-0.035060161,90.15449993,1.118634505,1.021649216,0.032692596,84.72935195,-1.00319972,0.960857958,0.002480867,0.001,1,1,1,0
60.62065432,66.63512406,60.71016196,62.92660011,62.73839867,62.11954292,85.7305515,-3.140486743,0.962083946,-0.049470405,94.23629618,1.07971127,1.062085516,-0.007312952,85.85713441,-0.939013444,0.975575911,0.05822358,0.001,1,1,1,0
61.15343559,64.86249454,61.00089103,62.45342317,62.74801653,61.77893524,86.484018,-3.110618912,0.978818573,-0.026774074,91.72941947,1.086103913,1.033688463,-0.004423117,86.2682874,-0.968254575,0.986889762,0.031924862,0.001,1,1,1,0
60.98116669,64.08145194,61.14876711,61.83175146,62.24586928,62.10072424,86.24039299,-3.125159869,0.985897156,-0.02613727,90.62485843,1.092062159,1.029488904,0.000816964,86.47741577,-0.983982434,0.984351036,0.02509056,0.001,1,1,1,0
61.02141531,64.0008353,61.09498216,61.816145,62.40697482,61.87771584,86.29731313,-3.113857677,0.986893846,-0.0222066,90.51084929,1.092917743,1.025539773,-0.000131798,86.40135237,-0.984852413,0.98709853,0.022296491,0.001,1,1,1,0
60.23079097,63.59897466,62.02881367,61.53245399,61.84503422,62.4426258,85.17920146,-3.134063215,0.978627606,-0.020671873,89.94253252,1.08167972,1.028324853,-0.008531993,87.72198955,-0.987163903,0.992965635,0.028443101,0.001,1,1,1,0
60.79654904,64.10785779,61.47937756,61.97991827,62.2976315,62.07338132,85.97930419,-3.120343055,0.980648448,-0.02252968,90.66220194,1.084914774,1.029043382,-0.005429602,86.94496955,-0.979820656,0.990036709,0.027930789,0.001,1,1,1,0
61.01664747,64.13410758,61.52090237,62.21719713,62.30058793,62.11512359,86.29057038,-3.120343778,0.980441053,-0.02270394,90.69932475,1.083590348,1.029415522,-0.005499822,87.0036945,-0.976703884,0.990028831,0.028311334,0.001,1,1,1,0
61.06512056,64.16217602,61.69875972,62.28863373,62.31936752,62.27627852,86.35912168,-3.123658037,0.980095703,-0.022648788,90.73901952,1.081997961,1.029553526,-0.005894266,87.25522278,-0.978011113,0.990314759,0.0285602,0.001,1,1,1,0
6551.521478,6805.273871,6621.091003,0.006646026,0.006662435,0.006664023,9265.250528,-1.60135564,985641.1051,-16564.06283,9624.110604,2.609640912,1021430.309,-4350.155142,9363.636695,0.554203364,993339.3014,20822.79989,1,0,0,0,0
6550.010974,6809.32306,6618.942618,0.006645333,0.006663721,0.006663658,9263.114354,-1.601884449,985509.6732,-16971.23257,9629.837022,2.609819119,1021841.069,-4267.960136,9360.598419,0.554586915,993064.5093,21146.0647,1,0,0,0,0
6548.294721,6808.273083,6620.746396,0.006644132,0.006663194,0.006664453,9260.687205,-1.601690275,985431.7211,-16841.34969,9628.35213,2.609865894,1021763.753,-4401.34565,9363.149347,0.554605697,993216.8833,21138.4908,1,0,0,0,0
6550.00232,6810.017853,6619.324179,0.006645737,0.006664135,0.006663884,9263.102115,-1.601854367,985448.1723,-16983.05691,9630.819608,2.609760507,1021881.696,-4314.337338,9361.138027,0.554719113,993086.7949,21205.35436,1,0,0,0,0
6550.328781,6808.554722,6618.500279,0.006645139,0.006663203,0.006663494,9263.563801,-1.601971254,985586.2623,-16972.64113,9628.750428,2.609875433,1021805.484,-4202.684082,9359.972857,0.554452756,993023.9539,21081.58763,1,0,0,0,0
6550.106271,6809.377475,6619.131441,0.006645381,0.006663874,0.006663805,9263.249124,-1.601853387,985517.0636,-16958.31284,9629.913977,2.609837052,1021825.886,-4267.807054,9360.865455,0.554564437,993071.2188,21132.57086,1,0,0,0,0
6551.167751,6808.984618,6618.847129,0.0066462,0.006663619,0.006663623,9264.750283,-1.601895314,985555.5341,-16952.90142,9629.358392,2.60975513,1021806.125,-4236.323033,9360.463377,0.554558311,993056.3797,21100.68603,1,0,0,0,0
6550.228913,6809.348135,6621.136341,0.006645561,0.00666441,0.006665225,9263.422566,-1.601931693,985510.5997,-16856.32493,9629.872483,2.609679017,1021738.97,-4324.906311,9363.700812,0.554273738,993161.5416,21080.86582,1,0,0,0,0
6549.777572,6810.136661,6618.863864,0.00664468,0.006664665,0.006663911,9262.784274,-1.601915773,985571.2143,-16986.55347,9630.987628,2.609934825,1021818.67,-4207.598605,9360.487043,0.554303939,993015.8848,21097.20178,1,0,0,0,0
6550.258619,6808.222649,6619.674634,0.006645461,0.006663099,0.006664048,9263.464576,-1.601839761,985529.1479,-16899.34471,9628.280806,2.609820278,1021771.332,-4287.836682,9361.633646,0.554571285,993117.3473,21091.82546,1,0,0,0,0
6550.352303,6810.343047,6619.241885,0.006645709,0.006664561,0.006664099,9263.597065,-1.601863836,985504.7611,-16998.23799,9631.279502,2.609872197,1021865.433,-4258.603091,9361.021647,0.554608835,993043.1857,21163.74578,1,0,0,0,0
6549.429363,6809.524011,6619.203046,0.006644388,0.006664371,0.006663895,9262.291831,-1.601830762,985563.129,-16927.81333,9630.12121,2.609911006,1021771.69,-4243.081312,9360.96672,0.55427306,993069.7491,21072.54055,1,0,0,0,0
6551.016011,6809.581383,6617.812017,0.006645861,0.006663885,0.006663099,9264.53569,-1.601923489,985581.6616,-17026.36226,9630.202345,2.609863637,1021855.12,-4177.341227,9358.999508,0.554560819,992978.7652,21116.70935,1,0,0,0,0
6548.953209,6809.111394,6621.632937,0.006644819,0.006664126,0.006665229,9261.618448,-1.601528511,985429.2799,-16821.15509,9629.537682,2.609969701,1021746.736,-4412.625045,9364.403104,0.554684553,993234.3127,21129.45854,1,0,0,0,0
6548.506538,6809.474329,6620.393498,0.006644479,0.006663746,0.006664574,9260.986759,-1.601919143,985410.5272,-16940.58155,9630.050949,2.60979571,1021859.523,-4371.617447,9362.650273,0.554606961,993144.3528,21209.10966,1,0,0,0,0
6551.79109,6808.636797,6617.407492,0.006646011,0.006663429,0.006662862,9265.631817,-1.601823708,985676.5117,-16995.22398,9628.866499,2.610005217,1021783.526,-4110.820137,9358.427424,0.554518914,992955.3975,21020.89354,1,0,0,0,0
6549.385008,6810.700824,6619.993761,0.006645274,0.006664585,0.006664626,9262.229103,-1.601942708,985423.5245,-17011.93358,9631.785474,2.609836734,1021915.225,-4324.160487,9362.084959,0.55467965,993075.9621,21237.39028,1,0,0,0,0
6549.4443,6807.781796,6619.711569,0.006644641,0.006662514,0.006664222,9262.312954,-1.601850323,985527.7939,-16927.46146,9627.657346,2.610025134,1021794.879,-4278.962247,9361.68588,0.554674395,993096.6483,21104.90444,1,0,0,0,0
329.1391633,268.4727634,231.1460416,57.54146488,60.85109316,63.43307812,465.4730687,3.001040016,5.647211319,-0.909834493,379.6778232,2.74884508,-0.128874471,4.410080238,326.8898669,-3.110341347,-1.774656589,-3.18258692,1,1,1,1,0
189.1126307,118.8525876,101.1300038,62.0899428,61.75892294,59.19851126,267.4456472,3.111254167,3.022497562,-0.375920409,168.0829413,2.549943405,0.213121623,1.912622842,143.019423,-2.762325344,-0.368473273,-1.668108164,1,1,1,1,0
70.04807658,76.8235506,42.97929706,62.330753,65.40485889,60.05372985,99.06293992,3.037356101,1.093449123,-0.25946763,108.6449072,1.288077297,1.15528738,0.212038753,60.78190481,-0.95920739,0.715132521,0.028006806,1,1,1,1,0
30.13679158,93.52645015,75.42196874,63.36679336,64.86254484,58.93097175,42.61985938,3.052258963,0.461651662,-0.114307777,132.2663742,0.852432368,1.395025704,-0.364732616,106.6627711,-0.497472795,1.143891372,0.574014166,1,1,1,1,0
42.87940935,66.98746564,89.31084005,58.93847506,64.74603187,57.55549148,60.64064225,-2.374352079,0.605167028,0.403819656,94.73458242,0.63284902,0.903063712,-0.504888222,126.3046013,-0.860299913,1.536702832,0.215462926,1,1,1,1,0
52.14305746,62.80286961,79.42118128,62.56029179,65.34559724,58.80214226,73.74141904,-2.663573686,0.790740094,0.263490329,88.81666996,0.78318633,0.90995968,-0.309295218,112.3185117,-0.917260225,1.348054303,0.083714601,1,1,1,1,0
63.31224201,53.88039882,73.44799216,63.23917491,63.54478926,61.37255762,89.53703132,-2.85752954,0.980216672,0.203684631,76.19839076,0.942547844,0.838738889,-0.124386851,103.8711466,-1.060012488,1.193880482,-0.082915173,1,1,1,1,0
64.78620998,52.5428121,71.43357574,62.32338529,63.17599277,61.25488847,91.62153681,-2.880775725,1.021709269,0.191586741,74.30675748,0.997965518,0.827763506,-0.080715938,101.0223316,-1.094228786,1.160733125,-0.112470672,1,1,1,1,0
70.37210552,58.26804804,61.24732631,64.0810688,63.25015472,62.12894148,99.52118604,-3.049003926,1.097647374,0.033976243,82.40346379,1.15296391,0.918847702,0.066232612,86.61679952,-1.094295663,0.980224626,-0.104789616,1,1,1,1,0
63.59158594,63.74885826,59.91269933,62.46584435,62.36606776,62.3531284,89.93208329,-3.135427737,1.017417808,-0.035060161,90.15449993,1.118634505,1.021649216,0.032692596,84.72935195,-1.00319972,0.960857958,0.002480867,1,1,1,1,0
60.62065432,66.63512406,60.71016196,62.92660011,62.73839867,62.11954292,85.7305515,-3.140486743,0.962083946,-0.049470405,94.23629618,1.07971127,1.062085516,-0.007312952,85.85713441,-0.939013444,0.975575911,0.05822358,1,1,1,1,0
61.15343559,64.86249454,61.00089103,62.45342317,62.74801653,61.77893524,86.484018,-3.110618912,0.978818573,-0.026774074,91.72941947,1.086103913,1.033688463,-0.004423117,86.2682874,-0.968254575,0.986889762,0.031924862,1,1,1,1,0
60.98116669,64.08145194,61.14876711,61.83175146,62.24586928,62.10072424,86.24039299,-3.125159869,0.985897156,-0.02613727,90.62485843,1.092062159,1.029488904,0.000816964,86.47741577,-0.983982434,0.984351036,0.02509056,1,1,1,1,0
61.02141531,64.0008353,61.09498216,61.816145,62.40697482,61.87771584,86.29731313,-3.113857677,0.986893846,-0.0222066,90.51084929,1.092917743,1.025539773,-0.000131798,86.40135237,-0.984852413,0.98709853,0.022296491,1,1,1,1,0
60.23079097,63.59897466,62.02881367,61.53245399,61.84503422,62.4426258,85.17920146,-3.134063215,0.978627606,-0.020671873,89.94253252,1.08167972,1.028324853,-0.008531993,87.72198955,-0.987163903,0.992965635,0.028443101,1,1,1,1,0
60.79654904,64.10785779,61.47937756,61.97991827,62.2976315,62.07338132,85.97930419,-3.120343055,0.980648448,-0.02252968,90.66220194,1.084914774,1.029043382,-0.005429602,86.94496955,-0.979820656,0.990036709,0.027930789,1,1,1,1,0
61.01664747,64.13410758,61.52090237,62.21719713,62.30058793,62.11512359,86.29057038,-3.120343778,0.980441053,-0.02270394,90.69932475,1.083590348,1.029415522,-0.005499822,87.0036945,-0.976703884,0.990028831,0.028311334,1,1,1,1,0
61.06512056,64.16217602,61.69875972,62.28863373,62.31936752,62.27627852,86.35912168,-3.123658037,0.980095703,-0.022648788,90.73901952,1.081997961,1.029553526,-0.005894266,87.25522278,-0.978011113,0.990314759,0.0285602,1,1,1,1,0
6552.486136,6804.979548,6620.363241,0.00664635,0.006662421,0.006663682,9266.614761,-1.601310968,985738.1617,-16569.54305,9623.694368,2.60975166,1021388.659,-4262.879923,9362.607483,0.554127807,993282.6465,20744.73107,10,0,0,0,0
6550.018806,6809.261265,6620.310856,0.006645456,0.006664036,0.006664558,9263.12543,-1.601775378,985493.8925,-16896.79453,9629.749631,2.609838551,1021783.374,-4318.797229,9362.5334,0.554558326,993136.1995,21118.1945,10,0,0,0,0
6548.518698,6808.833577,6620.264528,0.00664434,0.006663433,0.00666429,9261.003955,-1.601730781,985433.6414,-16897.43591,9629.144788,2.609900833,1021811.47,-4371.953956,9362.467882,0.554670533,993168.1459,21167.249,10,0,0,0,0
6548.882661,6809.598709,6620.065075,0.006645066,0.006663813,0.006664082,9261.518677,-1.601885147,985380.2033,-16930.27606,9630.226848,2.609622351,1021867.892,-4399.628018,9362.185813,0.554660547,993167.8742,21233.06589,10,0,0,0,0
6549.935407,6809.153411,6618.971508,0.00664519,0.006663593,0.006663715,9263.007485,-1.601917963,985519.47,-16970.36769,9629.597102,2.609829778,1021835.306,-4260.698756,9360.639275,0.554550896,993060.5381,21136.69274,10,0,0,0,0
6550.787266,6808.585374,6618.192602,0.006645572,0.006663301,0.006663148,9264.212196,-1.601895744,985591.1591,-16961.69185,9628.793777,2.60982719,1021795.154,-4201.531979,9359.537736,0.554488216,993029.476,21074.05649,10,0,0,0,0
6550.473324,6808.613781,6619.494133,0.006645709,0.006662943,0.006664333,9263.768215,-1.602120627,985523.1925,-16990.25966,9628.83395,2.609793128,1021854.013,-4251.452558,9361.37838,0.554604195,993046.5709,21145.10887,10,0,0,0,0
6549.695339,6808.037829,6619.735447,0.006644997,0.006662823,0.006664093,9262.667977,-1.601745098,985513.0342,-16908.0916,9628.01943,2.609984122,1021785.905,-4298.968895,9361.719648,0.554720107,993119.3798,21108.6629,10,0,0,0,0
6550.129723,6808.607207,6619.80081,0.006645437,0.006663161,0.006664368,9263.28229,-1.601975123,985512.5614,-16946.29207,9628.824653,2.609827507,1021819.582,-4281.098391,9361.812086,0.554592654,993087.8114,21129.70313,10,0,0,0,0
6550.843283,6808.64228,6619.56353,0.006646162,0.006663287,0.006664029,9264.291416,-1.60189611,985512.7342,-16927.04823,9628.874253,2.609729106,1021805.395,-4287.458512,9361.476522,0.554639488,993102.8887,21122.91103,10,0,0,0,0
6550.324127,6809.400816,6618.972227,0.006645471,0.006663877,0.006663793,9263.557218,-1.601754497,985536.3306,-16972.54155,9629.946986,2.609988095,1021829.021,-4244.488185,9360.640292,0.554678961,993049.2057,21123.93244,10,0,0,0,0
6548.573908,6808.942644,6620.882743,0.006644831,0.006663402,0.006664587,9261.082035,-1.601631617,985369.331,-16882.94554,9629.299032,2.609883317,1021832.295,-4434.333556,9363.342169,0.554899135,993215.662,21215.7603,10,0,0,0,0
6550.89305,6809.147697,6619.655466,0.006646322,0.006663758,0.006664049,9264.361796,-1.601889651,985496.5709,-16922.94685,9629.589021,2.609653888,1021809.014,-4301.920776,9361.606539,0.554593521,993113.3564,21134.57722,10,0,0,0,0
6550.593881,6809.264657,6619.031157,0.006645761,0.006663923,0.00666366,9263.938707,-1.601871856,985534.53,-16938.39188,9629.754428,2.609733053,1021801.413,-4261.052266,9360.723632,0.554484707,993078.2235,21108.90678,10,0,0,0,0
6551.844501,6809.659456,6617.754444,0.006646489,0.006664474,0.006662776,9265.707351,-1.601707735,985614.4332,-16953.15257,9630.312758,2.609789127,1021776.493,-4180.162956,9358.918087,0.554472168,993019.6644,21052.66952,10,0,0,0,0
6550.189954,6808.355249,6620.410889,0.006645141,0.006663199,0.006665068,9263.367469,-1.60205873,985565.7949,-16928.23328,9628.46833,2.609915348,1021776.048,-4246.919883,9362.674868,0.554409981,993076.1443,21071.70038,10,0,0,0,0
6550.491006,6808.899372,6619.458055,0.006645783,0.00666366,0.006663857,9263.79322,-1.601822519,985516.1854,-16910.16598,9629.237837,2.609739833,1021786.756,-4291.340113,9361.327357,0.554551637,993112.9312,21109.65098,10,0,0,0,0
6549.629868,6810.089613,6618.42926,0.006644878,0.006664262,0.00666345,9262.575388,-1.602078765,985519.0458,-17017.54326,9630.921092,2.609712167,1021873.384,-4236.705819,9359.872421,0.554345283,993018.1446,21160.55515,10,0,0,0,0
832.44046,559.966211,549.7186593,66.43107939,64.30679208,60.59097364,1177.248588,-2.912633901,12.53074167,0.060696845,791.9118101,1.440209717,8.430918532,2.17811436,777.4195835,-1.100983082,8.75111439,-2.393818024,10,1,1,1,0
735.0115218,595.2905724,530.540993,62.49880756,63.50501716,58.75120272,1039.463263,-2.953975751,11.75733537,-0.268846374,841.868001,1.349447863,9.240431325,1.576291051,750.2982677,-1.061555683,8.898456682,-1.537461847,10,1,1,1,0
603.2411854,635.5806459,611.8387612,61.94681558,63.0633009,59.99450048,853.1118658,-2.952239297,9.737745772,0.076970445,898.8467694,1.156860043,10.07516213,-0.257614223,865.270674,-0.88532204,10.19623517,0.202581466,10,1,1,1,0
542.8478923,673.0340443,640.7948007,61.90457526,62.94025856,60.12637409,767.7028516,-2.964395341,8.769105688,0.006052877,951.8138734,1.085358644,10.64398204,-1.024990077,906.2206978,-0.801979458,10.59879428,1.116756865,10,1,1,1,0
585.9708463,654.5427368,612.2284384,61.60224948,61.96531226,61.5537172,828.687918,-3.048990342,9.505198091,-0.364030849,925.6632156,1.150802958,10.5602656,-0.242551205,865.8217609,-0.862176149,9.927497976,0.610410932,10,1,1,1,0
582.6835691,649.752277,625.1636573,61.85117121,61.87887148,61.85296548,824.0390059,-3.042426522,9.417835063,-0.233781336,918.8884823,1.134101291,10.49325928,-0.386907931,884.1149229,-0.862233379,10.08815893,0.620999871,10,1,1,1,0
597.4341593,639.6628772,618.1476087,61.77713728,61.87690774,61.8067445,844.8994907,-3.03702629,9.668781667,-0.197426961,904.6199163,1.153650829,10.33596458,-0.187612577,874.1927318,-0.885270457,9.99387331,0.385276635,10,1,1,1,0
601.8337182,639.7028444,614.6954216,61.81548606,61.87178328,61.8795072,851.1214066,-3.042461464,9.733074264,-0.237439125,904.6764384,1.160509052,10.33855745,-0.112482851,869.3106019,-0.888948158,9.927601119,0.349402838,10,1,1,1,0
605.0685273,636.3876756,614.5483846,61.82124671,61.85064542,61.8885559,855.6961174,-3.040015417,9.785138469,-0.209830199,899.9880818,1.163294299,10.28878188,-0.081319185,869.1026603,-0.894830915,9.925666665,0.29059362,10,1,1,1,0
606.6208534,637.1336582,612.3262293,61.81687256,61.86475186,61.88596645,857.8914381,-3.042406383,9.810356025,-0.235916087,901.0430605,1.166763773,10.29871082,-0.046408049,865.9600581,-0.895735208,9.890415072,0.28176583,10,1,1,1,0
606.9490915,636.7934903,612.272589,61.81808359,61.86067538,61.88361522,858.3556369,-3.042177232,9.815537055,-0.233320077,900.5619904,1.167006789,10.2939044,-0.043216215,865.8841992,-0.896298201,9.89008631,0.276010371,10,1,1,1,0
605.9815174,637.4373408,612.6211123,61.81436378,61.8506551,61.89567174,856.9872805,-3.042941557,9.800347411,-0.238443719,901.4725325,1.166121275,10.3059315,-0.05392537,866.3770856,-0.894666218,9.893342245,0.291664637,10,1,1,1,0
606.23263,636.2421949,613.0742286,61.79358787,61.82797723,61.89419932,857.3424073,-3.041759211,9.808028672,-0.224924429,899.782341,1.166258484,10.29038022,-0.054126185,867.0178889,-0.896046411,9.901289169,0.278204202,10,1,1,1,0
606.2329914,636.9263082,613.1766516,61.80612008,61.8730559,61.91511562,857.3429184,-3.04166652,9.805973267,-0.228018957,900.7498233,1.166508593,10.29393878,-0.054292354,867.1627368,-0.895831444,9.899505219,0.281435469,10,1,1,1,0
606.1979505,636.6323108,613.2047541,61.81960958,61.85586328,61.88859284,857.2933631,-3.04147022,9.803355692,-0.224103161,900.3340481,1.165450943,10.2920245,-0.058404164,867.2024798,-0.895791592,9.904190887,0.281946259,10,1,1,1,0
606.3124566,636.5556077,613.069239,61.82209017,61.84433632,61.88740299,857.4552992,-3.041742542,9.804779404,-0.225646541,900.2255736,1.165587012,10.29271358,-0.056432329,867.0108325,-0.895719595,9.902202873,0.281524335,10,1,1,1,0
606.3309127,636.6677794,613.0614789,61.8255536,61.85355522,61.88712369,857.4814001,-3.041663754,9.804523888,-0.225844824,900.3842083,1.165555114,10.29299255,-0.056513186,866.9998581,-0.895729548,9.902112961,0.281847568,10,1,1,1,0
606.2227223,636.4324172,613.0840446,61.80874479,61.83388879,61.89139916,857.3283957,-3.041846563,9.805442376,-0.225774619,900.051356,1.165845292,10.29246341,-0.055878457,867.0317707,-0.895761235,9.901818719,0.280946648,10,1,1,1,0
6552.563743,6805.042126,6620.29567,0.006646457,0.006662373,0.006663684,9266.724514,-1.601370654,985733.6527,-16585.65154,9623.782867,2.609720018,1021405.328,-4259.165311,9362.511923,0.554133966,993271.911,20757.50119,50,0,0,0,0
6550.006575,6809.394192,6620.681309,0.006645811,0.006663955,0.006664747,9263.108132,-1.601860484,985439.312,-16901.32803,9629.937617,2.609695043,1021815.575,-4363.828989,9363.0573,0.554624861,993162.5201,21168.21394,50,0,0,0,0
6548.363482,6808.950186,6620.627142,0.006644155,0.00666379,0.006664468,9260.784448,-1.601722895,985438.3483,-16858.99434,9629.309698,2.609837932,1021774.083,-4385.953875,9362.980696,0.554509011,993196.6129,21141.44413,50,0,0,0,0
6547.361508,6809.126478,6621.669017,0.006643783,0.006664305,0.006664573,9259.367442,-1.601512545,985344.5838,-16747.59434,9629.559014,2.609650705,1021721.096,-4517.946517,9364.454129,0.554453833,993336.9561,21160.85731,50,0,0,0,0
6548.766702,6809.986302,6619.28366,0.006644838,0.006663979,0.00666363,9261.354686,-1.601701514,985395.7419,-16978.19288,9630.774987,2.609875602,1021900.659,-4362.049698,9361.080725,0.554857913,993117.7631,21245.07779,50,0,0,0,0
6550.494276,6808.601504,6620.109745,0.006645468,0.006663434,0.006664757,9263.797845,-1.601995219,985563.1261,-16926.83779,9628.816588,2.609871656,1021776.891,-4247.692383,9362.248985,0.55443777,993077.2597,21075.00831,50,0,0,0,0
6551.045684,6809.196227,6617.816637,0.00664564,0.006663555,0.006663299,9264.577653,-1.601937509,985618.6255,-17039.18301,9629.657653,2.610013085,1021848.012,-4141.557133,9359.006042,0.554579811,992950.0813,21090.86563,50,0,0,0,0
6550.71567,6808.684899,6618.454996,0.006645857,0.006663361,0.006663083,9264.110944,-1.601754179,985538.5644,-16936.95384,9628.934525,2.609793252,1021800.595,-4257.376076,9359.908817,0.554652218,993077.775,21107.22516,50,0,0,0,0
6550.738244,6809.248043,6619.973381,0.006646334,0.006663968,0.0066641,9264.142869,-1.601507417,985472.0727,-16889.58971,9629.730932,2.609910036,1021791.648,-4338.177963,9362.056138,0.554894281,993153.4559,21137.66454,50,0,0,0,0
6549.953759,6809.245578,6619.785066,0.006645324,0.006663975,0.006664146,9263.033438,-1.601838507,985503.4907,-16910.37845,9629.727445,2.60976935,1021790.384,-4302.991545,9361.78982,0.554481019,993118.7783,21117.76327,50,0,0,0,0
6549.48697,6809.302916,6619.256645,0.006644749,0.006663561,0.006664163,9262.3733,-1.602035829,985516.849,-17002.66373,9629.808534,2.609903835,1021862.662,-4250.137663,9361.042521,0.55452069,993036.1245,21153.11649,50,0,0,0,0
6550.408997,6808.969779,6619.293401,0.006645559,0.006663675,0.006663891,9263.677243,-1.601785258,985536.7158,-16932.59301,9629.337408,2.609885129,1021795.139,-4263.637173,9361.094501,0.554596445,993083.2632,21102.92163,50,0,0,0,0
6549.322709,6809.740062,6619.17634,0.006644601,0.006664014,0.006664065,9262.140999,-1.602047874,985514.1358,-16998.85163,9630.426752,2.609838119,1021858.91,-4252.949024,9360.928952,0.554402938,993038.6879,21152.58403,50,0,0,0,0
6550.6693,6809.551328,6618.705928,0.006645418,0.006664267,0.006663717,9264.045367,-1.60176241,985596.2975,-16965.26325,9630.159842,2.610006992,1021791.914,-4195.417641,9360.263689,0.554488069,993021.7576,21068.32511,50,0,0,0,0
6550.513117,6809.800612,6617.734921,0.006645329,0.006664255,0.006662929,9263.824491,-1.601670003,985585.3481,-17004.27412,9630.512382,2.610055698,1021831.305,-4183.6856,9358.890477,0.55462572,992992.9073,21099.91218,50,0,0,0,0
6550.410724,6809.321322,6621.335866,0.006645779,0.006664487,0.00666529,9263.679686,-1.601641458,985506.0894,-16834.88738,9629.834564,2.609896235,1021723.187,-4338.596405,9363.982983,0.554527754,993181.8275,21074.01956,50,0,0,0,0
6548.863708,6810.262582,6620.757921,0.006644792,0.006664893,0.006664669,9261.491874,-1.601711417,985418.7305,-16881.1619,9631.165707,2.609764486,1021801.885,-4389.549049,9363.165646,0.554489275,993185.6958,21170.46739,50,0,0,0,0
6550.210146,6808.157716,6619.706641,0.006645161,0.006663079,0.006664295,9263.396025,-1.601880566,985566.1291,-16914.28513,9628.188976,2.609937719,1021764.812,-4250.546863,9361.678911,0.554511783,993085.832,21066.29517,50,0,0,0,0
2992.705337,2835.190693,2355.933042,60.14757086,56.12374899,47.3418138,4232.324476,-2.461825692,49.75415517,-0.433836985,4009.56513,1.528581499,50.51635096,0.206520726,3331.792461,-0.375071003,49.76103836,0.571258399,50,1,1,1,0
2740.143815,2797.903622,2788.178046,55.48704728,55.69726362,55.34203621,3875.148546,-2.66692926,49.38340834,0.087501689,3956.833249,1.503500318,50.23087186,-0.572192245,3943.079206,-0.570441224,50.37843742,0.491600507,50,1,1,1,0
2689.27796,2868.979327,2801.09892,55.59766147,55.63813159,55.90453209,3803.213365,-2.699271644,48.36264102,-0.863160015,4057.349475,1.49406493,51.55542449,-0.992829744,3961.352082,-0.548003721,50.0713519,1.837099998,50,1,1,1,0
2726.948387,2862.20001,2774.129042,55.6522916,55.68274073,55.90233011,3856.487393,-2.703170686,48.9886974,-1.040695558,4047.762072,1.504731623,51.40066372,-0.359951724,3923.210915,-0.557583146,49.60513908,1.388536217,50,1,1,1,0
2723.808311,2863.287814,2776.517004,55.66033552,55.68516672,55.89714792,3852.046655,-2.702924319,48.92554432,-1.023747211,4049.30046,1.503220418,51.41748046,-0.422899952,3926.588003,-0.556772256,49.65116386,1.434789694,50,1,1,1,0
2725.845391,2865.904633,2771.349078,55.655905,55.67485114,55.89909661,3854.927521,-2.704798472,48.96413726,-1.11147826,4053.0012,1.504813483,51.47458403,-0.34623484,3919.279452,-0.556416919,49.55663674,1.445290714,50,1,1,1,0
2728.706062,2866.442559,2767.861513,55.65676974,55.67920674,55.89231899,3858.973121,-2.705300969,49.01397188,-1.146893771,4053.761942,1.506002973,51.48059334,-0.285111018,3914.34729,-0.556845898,49.50095327,1.420188298,50,1,1,1,0
2728.514241,2866.201415,2768.637847,55.66236489,55.68267359,55.89045976,3858.701845,-2.705098319,49.005909,-1.133407404,4053.420914,1.505538244,51.47298073,-0.298610631,3915.445192,-0.556949388,49.51648635,1.420569615,50,1,1,1,0
2729.068537,2865.716212,2768.209648,55.65562641,55.67855549,55.89444044,3859.485738,-2.705121282,49.02172365,-1.137032071,4052.734733,1.506073326,51.46815962,-0.283361385,3914.839627,-0.557085541,49.50563748,1.408513404,50,1,1,1,0
2729.293599,2865.205432,2768.503388,55.65694605,55.67700178,55.89515639,3859.804024,-2.705011191,49.02477339,-1.129771724,4052.012381,1.506031182,51.46041633,-0.284353151,3915.255039,-0.557199929,49.51043655,1.402300533,50,1,1,1,0
2729.644815,2865.470915,2768.243631,55.66227141,55.68173581,55.89228687,3860.300718,-2.70486425,49.02636197,-1.131074144,4052.38783,1.506083451,51.46082144,-0.282090841,3914.887687,-0.557110153,49.50834664,1.401753326,50,1,1,1,0
2729.068441,2865.455638,2768.414686,55.654562,55.67787204,55.89527359,3859.485601,-2.705069328,49.02275397,-1.132972397,4052.366226,1.50605442,51.46410486,-0.2845296,3915.129595,-0.55716639,49.50865277,1.405555755,50,1,1,1,0
2729.259778,2865.630939,2768.387787,55.65678107,55.68270294,55.89518752,3859.756193,-2.70507252,49.02425095,-1.132371959,4052.614139,1.505984688,51.4627943,-0.28340413,3915.091554,-0.557292078,49.50829216,1.403986395,50,1,1,1,0
2729.156121,2865.426459,2768.501025,55.65490421,55.67951607,55.89632181,3859.6096,-2.704936636,49.02406434,-1.13140841,4052.32496,1.506162577,51.46206323,-0.284162274,3915.251696,-0.557125294,49.50932379,1.403618535,50,1,1,1,0
2729.112931,2865.605986,2768.542766,55.65528707,55.68152918,55.89745299,3859.548521,-2.705046598,49.02292834,-1.13237649,4052.57885,1.5060619,51.46342411,-0.284657961,3915.310727,-0.557211907,49.50902754,1.40504912,50,1,1,1,0
2729.286652,2865.486337,2768.505856,55.65857851,55.67931282,55.89660958,3859.794198,-2.705027114,49.02315353,-1.13221382,4052.409641,1.506051758,51.46332449,-0.284529223,3915.258529,-0.557127788,49.50911845,1.404912797,50,1,1,1,0
2729.379581,2865.622919,2768.350442,55.65977035,55.68241609,55.89391269,3859.92562,-2.705025396,49.02377546,-1.132119646,4052.602797,1.505963053,51.46291277,-0.283878563,3915.03874,-0.557218649,49.50874243,1.404388798,50,1,1,1,0
2729.574023,2865.837698,2768.177845,55.66418151,55.68697271,55.88977919,3860.200603,-2.704958074,49.02339822,-1.13143918,4052.90654,1.50582951,51.4625564,-0.284279904,3914.794651,-0.557254177,49.50931313,1.404544085,50,1,1,1,0
6551.521478,6805.273871,6621.091003,0.006646026,0.006662435,0.006664023,9265.250528,-1.60135564,985641.1051,-16564.06283,9624.110604,2.609640912,1021430.309,-4350.155142,9363.636695,0.554203364,993339.3014,20822.79989,0.001,0,0,0,0
6550.010974,6809.32306,6618.942618,0.006645333,0.006663721,0.006663658,9263.114354,-1.601884449,985509.6732,-16971.23257,9629.837022,2.609819119,1021841.069,-4267.960136,9360.598419,0.554586915,993064.5093,21146.0647,0.001,0,0,0,0
6548.294721,6808.273083,6620.746396,0.006644132,0.006663194,0.006664453,9260.687205,-1.601690275,985431.7211,-16841.34969,9628.35213,2.609865894,1021763.753,-4401.34565,9363.149347,0.554605697,993216.8833,21138.4908,0.001,0,0,0,0
6550.00232,6810.017853,6619.324179,0.006645737,0.006664135,0.006663884,9263.102115,-1.601854367,985448.1723,-16983.05691,9630.819608,2.609760507,1021881.696,-4314.337338,9361.138027,0.554719113,993086.7949,21205.35436,0.001,0,0,0,0
6550.328781,6808.554722,6618.500279,0.006645139,0.006663203,0.006663494,9263.563801,-1.601971254,985586.2623,-16972.64113,9628.750428,2.609875433,1021805.484,-4202.684082,9359.972857,0.554452756,993023.9539,21081.58763,0.001,0,0,0,0
6550.106271,6809.377475,6619.131441,0.006645381,0.006663874,0.006663805,9263.249124,-1.601853387,985517.0636,-16958.31284,9629.913977,2.609837052,1021825.886,-4267.807054,9360.865455,0.554564437,993071.2188,21132.57086,0.001,0,0,0,0
6551.167751,6808.984618,6618.847129,0.0066462,0.006663619,0.006663623,9264.750283,-1.601895314,985555.5341,-16952.90142,9629.358392,2.60975513,1021806.125,-4236.323033,9360.463377,0.554558311,993056.3797,21100.68603,0.001,0,0,0,0
6550.228913,6809.348135,6621.136341,0.006645561,0.00666441,0.006665225,9263.422566,-1.601931693,985510.5997,-16856.32493,9629.872483,2.609679017,1021738.97,-4324.906311,9363.700812,0.554273738,993161.5416,21080.86582,0.001,0,0,0,0
6549.777572,6810.136661,6618.863864,0.00664468,0.006664665,0.006663911,9262.784274,-1.601915773,985571.2143,-16986.55347,9630.987628,2.609934825,1021818.67,-4207.598605,9360.487043,0.554303939,993015.8848,21097.20178,0.001,0,0,0,0
6550.258619,6808.222649,6619.674634,0.006645461,0.006663099,0.006664048,9263.464576,-1.601839761,985529.1479,-16899.34471,9628.280806,2.609820278,1021771.332,-4287.836682,9361.633646,0.554571285,993117.3473,21091.82546,0.001,0,0,0,0
6550.352303,6810.343047,6619.241885,0.006645709,0.006664561,0.006664099,9263.597065,-1.601863836,985504.7611,-16998.23799,9631.279502,2.609872197,1021865.433,-4258.603091,9361.021647,0.554608835,993043.1857,21163.74578,0.001,0,0,0,0
6549.429363,6809.524011,6619.203046,0.006644388,0.006664371,0.006663895,9262.291831,-1.601830762,985563.129,-16927.81333,9630.12121,2.609911006,1021771.69,-4243.081312,9360.96672,0.55427306,993069.7491,21072.54055,0.001,0,0,0,0
6551.016011,6809.581383,6617.812017,0.006645861,0.006663885,0.006663099,9264.53569,-1.601923489,985581.6616,-17026.36226,9630.202345,2.609863637,1021855.12,-4177.341227,9358.999508,0.554560819,992978.7652,21116.70935,0.001,0,0,0,0
6548.953209,6809.111394,6621.632937,0.006644819,0.006664126,0.006665229,9261.618448,-1.601528511,985429.2799,-16821.15509,9629.537682,2.609969701,1021746.736,-4412.625045,9364.403104,0.554684553,993234.3127,21129.45854,0.001,0,0,0,0
6548.506538,6809.474329,6620.393498,0.006644479,0.006663746,0.006664574,9260.986759,-1.601919143,985410.5272,-16940.58155,9630.050949,2.60979571,1021859.523,-4371.617447,9362.650273,0.554606961,993144.3528,21209.10966,0.001,0,0,0,0
6551.79109,6808.636797,6617.407492,0.006646011,0.006663429,0.006662862,9265.631817,-1.601823708,985676.5117,-16995.22398,9628.866499,2.610005217,1021783.526,-4110.820137,9358.427424,0.554518914,992955.3975,21020.89354,0.001,0,0,0,0
6549.385008,6810.700824,6619.993761,0.006645274,0.006664585,0.006664626,9262.229103,-1.601942708,985423.5245,-17011.93358,9631.785474,2.609836734,1021915.225,-4324.160487,9362.084959,0.55467965,993075.9621,21237.39028,0.001,0,0,0,0
6549.4443,6807.781796,6619.711569,0.006644641,0.006662514,0.006664222,9262.312954,-1.601850323,985527.7939,-16927.46146,9627.657346,2.610025134,1021794.879,-4278.962247,9361.68588,0.554674395,993096.6483,21104.90444,0.001,0,0,0,0
3555.810319,3438.638297,6462.159061,59.99086695,59.9774381,0.009958036,5028.675179,-2.620331475,59.16993641,3.485851125,4862.968916,-2.618758741,-57.22754317,-3.462530354,9138.872986,0.524743665,648938.8043,561.7772722,0.001,1,1,0,0
3426.110451,3314.187677,6737.059282,56.67896868,56.6656676,0.01010714,4845.251866,-2.620623146,59.71452513,-9.385832785,4686.969161,-2.625934091,-57.7279493,9.39028665,9527.640607,0.511698058,666562.6796,-1480.232279,0.001,1,1,0,0
3532.678824,3419.368463,6465.439119,57.15811017,57.14479217,0.00994091,4995.962305,-2.62629066,61.28616134,-7.994476352,4835.717256,-2.630615035,-59.29998621,7.998053029,9143.511689,0.534986278,650368.0823,4959.920766,0.001,1,1,0,0
3483.228045,3370.764065,6627.688446,56.77257901,56.75922422,0.010054669,4926.028343,-2.623646928,60.79590499,-8.257011585,4766.980256,-2.628180305,-58.80970779,8.26089845,9372.966887,0.515595463,659165.2169,-27.10940287,0.001,1,1,0,0
3463.111638,3351.750022,6603.009906,56.07575293,56.06242059,0.010010317,4897.579446,-2.621356681,61.34402077,-7.136474935,4740.090339,-2.625223244,-59.35818095,7.139798608,9338.066162,0.528254586,659616.6548,2227.380521,0.001,1,1,0,0
3524.646547,3414.542115,6553.530047,55.30526001,55.29182176,0.010023009,4984.602949,-2.628321948,63.45589334,-5.912702312,4828.891768,-2.631327327,-61.47094542,5.915505402,9268.091074,0.52138256,653844.8962,2170.725978,0.001,1,1,0,0
3462.327555,3353.831424,6607.909662,54.37422065,54.36082436,0.010015962,4896.470585,-2.622107377,63.54047615,-4.15071178,4743.033885,-2.624221004,-61.5558243,4.152727023,9344.995463,0.522480364,659737.215,905.8364055,0.001,1,1,0,0
3508.729569,3398.351205,6580.874252,55.32425532,55.31079407,0.010034265,4962.092944,-2.626414828,63.27876454,-4.247830584,4805.994363,-2.628595582,-61.29385872,4.249815682,9306.76162,0.525248222,655835.311,2515.283707,0.001,1,1,0,0
3480.726341,3372.868621,6584.300183,54.0413968,54.02798341,0.010011066,4922.490398,-2.624261982,64.2863759,-3.96474625,4769.956548,-2.626234532,-62.30203038,3.966679742,9311.606618,0.520938038,657701.3794,1030.69974,0.001,1,1,0,0
3490.935026,3382.927109,6585.999856,54.0586576,54.04520709,0.010022794,4936.927659,-2.625811879,64.52133194,-2.675929413,4784.181398,-2.627136204,-62.53711825,2.677178555,9314.010318,0.525835167,657097.7178,2412.368112,0.001,1,1,0,0
3491.8538,3385.867683,6577.761693,53.08596525,53.07252883,0.010016542,4938.227002,-2.62609894,65.6738699,-3.688062159,4788.339997,-2.6278571,-63.69019583,3.689865632,9302.359796,0.522620451,656687.3439,1801.887123,0.001,1,1,0,0
3484.313689,3376.382158,6587.745784,54.04275198,54.02931834,0.010018,4927.563675,-2.625923812,64.39212163,-3.234038358,4774.925439,-2.627529559,-62.40784761,3.235579116,9316.479433,0.523615965,657587.9462,1967.399173,0.001,1,1,0,0
3491.676112,3383.854641,6581.628557,53.97308263,53.95963684,0.010019287,4937.975712,-2.626208625,64.62837278,-2.889089346,4785.493127,-2.627633231,-62.64420046,2.890456621,9307.828367,0.524041616,656892.4449,2109.357808,0.001,1,1,0,0
3488.451001,3380.563441,6581.492033,54.00409473,53.99065543,0.010015919,4933.414717,-2.625659035,64.53399204,-2.830735651,4780.838667,-2.627059127,-62.54978022,2.832082755,9307.635294,0.523281216,657100.638,1810.84988,0.001,1,1,0,0
3490.644535,3382.670899,6584.624018,54.0494557,54.03600926,0.010021183,4936.516843,-2.626005075,64.51774392,-2.889536422,4783.819062,-2.62743486,-62.53352225,2.890905235,9312.064589,0.523844225,657067.3555,2019.067226,0.001,1,1,0,0
3489.126286,3381.389753,6581.435906,53.92795941,53.91451846,0.010016607,4934.369714,-2.625833931,64.63824377,-2.820815007,4782.007248,-2.627224575,-62.65408256,2.822156443,9307.555918,0.523457472,657049.6641,1889.063495,0.001,1,1,0,0
3489.981849,3382.049309,6584.32164,54.02533913,54.01189355,0.010020244,4935.579663,-2.62598963,64.53839491,-2.797125604,4782.940002,-2.627372971,-62.55418631,2.798450877,9311.636962,0.523628695,657098.9519,1961.783798,0.001,1,1,0,0
3488.749006,3380.897908,6582.808096,53.98458162,53.97113989,0.010017535,4933.836159,-2.625868485,64.56429833,-2.798399166,4781.311674,-2.627251326,-62.58010361,2.799724318,9309.496488,0.523923251,657125.4473,2000.72954,0.001,1,1,0,0
6551.521478,6805.273871,6621.091003,0.006646026,0.006662435,0.006664023,9265.250528,-1.60135564,985641.1051,-16564.06283,9624.110604,2.609640912,1021430.309,-4350.155142,9363.636695,0.554203364,993339.3014,20822.79989,1,0,0,0,0
6550.010974,6809.32306,6618.942618,0.006645333,0.006663721,0.006663658,9263.114354,-1.601884449,985509.6732,-16971.23257,9629.837022,2.609819119,1021841.069,-4267.960136,9360.598419,0.554586915,993064.5093,21146.0647,1,0,0,0,0
6548.294721,6808.273083,6620.746396,0.006644132,0.006663194,0.006664453,9260.687205,-1.601690275,985431.7211,-16841.34969,9628.35213,2.609865894,1021763.753,-4401.34565,9363.149347,0.554605697,993216.8833,21138.4908,1,0,0,0,0
6550.00232,6810.017853,6619.324179,0.006645737,0.006664135,0.006663884,9263.102115,-1.601854367,985448.1723,-16983.05691,9630.819608,2.609760507,1021881.696,-4314.337338,9361.138027,0.554719113,993086.7949,21205.35436,1,0,0,0,0
6550.328781,6808.554722,6618.500279,0.006645139,0.006663203,0.006663494,9263.563801,-1.601971254,985586.2623,-16972.64113,9628.750428,2.609875433,1021805.484,-4202.684082,9359.972857,0.554452756,993023.9539,21081.58763,1,0,0,0,0
6550.106271,6809.377475,6619.131441,0.006645381,0.006663874,0.006663805,9263.249124,-1.601853387,985517.0636,-16958.31284,9629.913977,2.609837052,1021825.886,-4267.807054,9360.865455,0.554564437,993071.2188,21132.57086,1,0,0,0,0
6551.167751,6808.984618,6618.847129,0.0066462,0.006663619,0.006663623,9264.750283,-1.601895314,985555.5341,-16952.90142,9629.358392,2.60975513,1021806.125,-4236.323033,9360.463377,0.554558311,993056.3797,21100.68603,1,0,0,0,0
6550.228913,6809.348135,6621.136341,0.006645561,0.00666441,0.006665225,9263.422566,-1.601931693,985510.5997,-16856.32493,9629.872483,2.609679017,1021738.97,-4324.906311,9363.700812,0.554273738,993161.5416,21080.86582,1,0,0,0,0
6549.777572,6810.136661,6618.863864,0.00664468,0.006664665,0.006663911,9262.784274,-1.601915773,985571.2143,-16986.55347,9630.987628,2.609934825,1021818.67,-4207.598605,9360.487043,0.554303939,993015.8848,21097.20178,1,0,0,0,0
6550.258619,6808.222649,6619.674634,0.006645461,0.006663099,0.006664048,9263.464576,-1.601839761,985529.1479,-16899.34471,9628.280806,2.609820278,1021771.332,-4287.836682,9361.633646,0.554571285,993117.3473,21091.82546,1,0,0,0,0
6550.352303,6810.343047,6619.241885,0.006645709,0.006664561,0.006664099,9263.597065,-1.601863836,985504.7611,-16998.23799,9631.279502,2.609872197,1021865.433,-4258.603091,9361.021647,0.554608835,993043.1857,21163.74578,1,0,0,0,0
6549.429363,6809.524011,6619.203046,0.006644388,0.006664371,0.006663895,9262.291831,-1.601830762,985563.129,-16927.81333,9630.12121,2.609911006,1021771.69,-4243.081312,9360.96672,0.55427306,993069.7491,21072.54055,1,0,0,0,0
6551.016011,6809.581383,6617.812017,0.006645861,0.006663885,0.006663099,9264.53569,-1.601923489,985581.6616,-17026.36226,9630.202345,2.609863637,1021855.12,-4177.341227,9358.999508,0.554560819,992978.7652,21116.70935,1,0,0,0,0
6548.953209,6809.111394,6621.632937,0.006644819,0.006664126,0.006665229,9261.618448,-1.601528511,985429.2799,-16821.15509,9629.537682,2.609969701,1021746.736,-4412.625045,9364.403104,0.554684553,993234.3127,21129.45854,1,0,0,0,0
6548.506538,6809.474329,6620.393498,0.006644479,0.006663746,0.006664574,9260.986759,-1.601919143,985410.5272,-16940.58155,9630.050949,2.60979571,1021859.523,-4371.617447,9362.650273,0.554606961,993144.3528,21209.10966,1,0,0,0,0
6551.79109,6808.636797,6617.407492,0.006646011,0.006663429,0.006662862,9265.631817,-1.601823708,985676.5117,-16995.22398,9628.866499,2.610005217,1021783.526,-4110.820137,9358.427424,0.554518914,992955.3975,21020.89354,1,0,0,0,0
6549.385008,6810.700824,6619.993761,0.006645274,0.006664585,0.006664626,9262.229103,-1.601942708,985423.5245,-17011.93358,9631.785474,2.609836734,1021915.225,-4324.160487,9362.084959,0.55467965,993075.9621,21237.39028,1,0,0,0,0
6549.4443,6807.781796,6619.711569,0.006644641,0.006662514,0.006664222,9262.312954,-1.601850323,985527.7939,-16927.46146,9627.657346,2.610025134,1021794.879,-4278.962247,9361.68588,0.554674395,993096.6483,21104.90444,1,0,0,0,0
3555.810319,3438.638297,6462.159061,59.99086695,59.9774381,0.009958036,5028.675179,-2.620331475,59.16993641,3.485851125,4862.968916,-2.618758741,-57.22754317,-3.462530354,9138.872986,0.524743665,648938.8043,561.7772722,1,1,1,0,0
3426.110451,3314.187677,6737.059282,56.67896868,56.6656676,0.01010714,4845.251866,-2.620623146,59.71452513,-9.385832785,4686.969161,-2.625934091,-57.7279493,9.39028665,9527.640607,0.511698058,666562.6796,-1480.232279,1,1,1,0,0
3532.678824,3419.368463,6465.439119,57.15811017,57.14479217,0.00994091,4995.962305,-2.62629066,61.28616134,-7.994476352,4835.717256,-2.630615035,-59.29998621,7.998053029,9143.511689,0.534986278,650368.0823,4959.920766,1,1,1,0,0
3483.228045,3370.764065,6627.688446,56.77257901,56.75922422,0.010054669,4926.028343,-2.623646928,60.79590499,-8.257011585,4766.980256,-2.628180305,-58.80970779,8.26089845,9372.966887,0.515595463,659165.2169,-27.10940287,1,1,1,0,0
3463.111638,3351.750022,6603.009906,56.07575293,56.06242059,0.010010317,4897.579446,-2.621356681,61.34402077,-7.136474935,4740.090339,-2.625223244,-59.35818095,7.139798608,9338.066162,0.528254586,659616.6548,2227.380521,1,1,1,0,0
3524.646547,3414.542115,6553.530047,55.30526001,55.29182176,0.010023009,4984.602949,-2.628321948,63.45589334,-5.912702312,4828.891768,-2.631327327,-61.47094542,5.915505402,9268.091074,0.52138256,653844.8962,2170.725978,1,1,1,0,0
3462.327555,3353.831424,6607.909662,54.37422065,54.36082436,0.010015962,4896.470585,-2.622107377,63.54047615,-4.15071178,4743.033885,-2.624221004,-61.5558243,4.152727023,9344.995463,0.522480364,659737.215,905.8364055,1,1,1,0,0
3508.729569,3398.351205,6580.874252,55.32425532,55.31079407,0.010034265,4962.092944,-2.626414828,63.27876454,-4.247830584,4805.994363,-2.628595582,-61.29385872,4.249815682,9306.76162,0.525248222,655835.311,2515.283707,1,1,1,0,0
3480.726341,3372.868621,6584.300183,54.0413968,54.02798341,0.010011066,4922.490398,-2.624261982,64.2863759,-3.96474625,4769.956548,-2.626234532,-62.30203038,3.966679742,9311.606618,0.520938038,657701.3794,1030.69974,1,1,1,0,0
3490.935026,3382.927109,6585.999856,54.0586576,54.04520709,0.010022794,4936.927659,-2.625811879,64.52133194,-2.675929413,4784.181398,-2.627136204,-62.53711825,2.677178555,9314.010318,0.525835167,657097.7178,2412.368112,1,1,1,0,0
3491.8538,3385.867683,6577.761693,53.08596525,53.07252883,0.010016542,4938.227002,-2.62609894,65.6738699,-3.688062159,4788.339997,-2.6278571,-63.69019583,3.689865632,9302.359796,0.522620451,656687.3439,1801.887123,1,1,1,0,0
3484.313689,3376.382158,6587.745784,54.04275198,54.02931834,0.010018,4927.563675,-2.625923812,64.39212163,-3.234038358,4774.925439,-2.627529559,-62.40784761,3.235579116,9316.479433,0.523615965,657587.9462,1967.399173,1,1,1,0,0
3491.676112,3383.854641,6581.628557,53.97308263,53.95963684,0.010019287,4937.975712,-2.626208625,64.62837278,-2.889089346,4785.493127,-2.627633231,-62.64420046,2.890456621,9307.828367,0.524041616,656892.4449,2109.357808,1,1,1,0,0
3488.451001,3380.563441,6581.492033,54.00409473,53.99065543,0.010015919,4933.414717,-2.625659035,64.53399204,-2.830735651,4780.838667,-2.627059127,-62.54978022,2.832082755,9307.635294,0.523281216,657100.638,1810.84988,1,1,1,0,0
3490.644535,3382.670899,6584.624018,54.0494557,54.03600926,0.010021183,4936.516843,-2.626005075,64.51774392,-2.889536422,4783.819062,-2.62743486,-62.53352225,2.890905235,9312.064589,0.523844225,657067.3555,2019.067226,1,1,1,0,0
3489.126286,3381.389753,6581.435906,53.92795941,53.91451846,0.010016607,4934.369714,-2.625833931,64.63824377,-2.820815007,4782.007248,-2.627224575,-62.65408256,2.822156443,9307.555918,0.523457472,657049.6641,1889.063495,1,1,1,0,0
3489.981849,3382.049309,6584.32164,54.02533913,54.01189355,0.010020244,4935.579663,-2.62598963,64.53839491,-2.797125604,4782.940002,-2.627372971,-62.55418631,2.798450877,9311.636962,0.523628695,657098.9519,1961.783798,1,1,1,0,0
3488.749006,3380.897908,6582.808096,53.98458162,53.97113989,0.010017535,4933.836159,-2.625868485,64.56429833,-2.798399166,4781.311674,-2.627251326,-62.58010361,2.799724318,9309.496488,0.523923251,657125.4473,2000.72954,1,1,1,0,0
6552.486136,6804.979548,6620.363241,0.00664635,0.006662421,0.006663682,9266.614761,-1.601310968,985738.1617,-16569.54305,9623.694368,2.60975166,1021388.659,-4262.879923,9362.607483,0.554127807,993282.6465,20744.73107,10,0,0,0,0
6550.018806,6809.261265,6620.310856,0.006645456,0.006664036,0.006664558,9263.12543,-1.601775378,985493.8925,-16896.79453,9629.749631,2.609838551,1021783.374,-4318.797229,9362.5334,0.554558326,993136.1995,21118.1945,10,0,0,0,0
6548.518698,6808.833577,6620.264528,0.00664434,0.006663433,0.00666429,9261.003955,-1.601730781,985433.6414,-16897.43591,9629.144788,2.609900833,1021811.47,-4371.953956,9362.467882,0.554670533,993168.1459,21167.249,10,0,0,0,0
6548.882661,6809.598709,6620.065075,0.006645066,0.006663813,0.006664082,9261.518677,-1.601885147,985380.2033,-16930.27606,9630.226848,2.609622351,1021867.892,-4399.628018,9362.185813,0.554660547,993167.8742,21233.06589,10,0,0,0,0
6549.935407,6809.153411,6618.971508,0.00664519,0.006663593,0.006663715,9263.007485,-1.601917963,985519.47,-16970.36769,9629.597102,2.609829778,1021835.306,-4260.698756,9360.639275,0.554550896,993060.5381,21136.69274,10,0,0,0,0
6550.787266,6808.585374,6618.192602,0.006645572,0.006663301,0.006663148,9264.212196,-1.601895744,985591.1591,-16961.69185,9628.793777,2.60982719,1021795.154,-4201.531979,9359.537736,0.554488216,993029.476,21074.05649,10,0,0,0,0
6550.473324,6808.613781,6619.494133,0.006645709,0.006662943,0.006664333,9263.768215,-1.602120627,985523.1925,-16990.25966,9628.83395,2.609793128,1021854.013,-4251.452558,9361.37838,0.554604195,993046.5709,21145.10887,10,0,0,0,0
6549.695339,6808.037829,6619.735447,0.006644997,0.006662823,0.006664093,9262.667977,-1.601745098,985513.0342,-16908.0916,9628.01943,2.609984122,1021785.905,-4298.968895,9361.719648,0.554720107,993119.3798,21108.6629,10,0,0,0,0
6550.129723,6808.607207,6619.80081,0.006645437,0.006663161,0.006664368,9263.28229,-1.601975123,985512.5614,-16946.29207,9628.824653,2.609827507,1021819.582,-4281.098391,9361.812086,0.554592654,993087.8114,21129.70313,10,0,0,0,0
6550.843283,6808.64228,6619.56353,0.006646162,0.006663287,0.006664029,9264.291416,-1.60189611,985512.7342,-16927.04823,9628.874253,2.609729106,1021805.395,-4287.458512,9361.476522,0.554639488,993102.8887,21122.91103,10,0,0,0,0
6550.324127,6809.400816,6618.972227,0.006645471,0.006663877,0.006663793,9263.557218,-1.601754497,985536.3306,-16972.54155,9629.946986,2.609988095,1021829.021,-4244.488185,9360.640292,0.554678961,993049.2057,21123.93244,10,0,0,0,0
6548.573908,6808.942644,6620.882743,0.006644831,0.006663402,0.006664587,9261.082035,-1.601631617,985369.331,-16882.94554,9629.299032,2.609883317,1021832.295,-4434.333556,9363.342169,0.554899135,993215.662,21215.7603,10,0,0,0,0
6550.89305,6809.147697,6619.655466,0.006646322,0.006663758,0.006664049,9264.361796,-1.601889651,985496.5709,-16922.94685,9629.589021,2.609653888,1021809.014,-4301.920776,9361.606539,0.554593521,993113.3564,21134.57722,10,0,0,0,0
6550.593881,6809.264657,6619.031157,0.006645761,0.006663923,0.00666366,9263.938707,-1.601871856,985534.53,-16938.39188,9629.754428,2.609733053,1021801.413,-4261.052266,9360.723632,0.554484707,993078.2235,21108.90678,10,0,0,0,0
6551.844501,6809.659456,6617.754444,0.006646489,0.006664474,0.006662776,9265.707351,-1.601707735,985614.4332,-16953.15257,9630.312758,2.609789127,1021776.493,-4180.162956,9358.918087,0.554472168,993019.6644,21052.66952,10,0,0,0,0
6550.189954,6808.355249,6620.410889,0.006645141,0.006663199,0.006665068,9263.367469,-1.60205873,985565.7949,-16928.23328,9628.46833,2.609915348,1021776.048,-4246.919883,9362.674868,0.554409981,993076.1443,21071.70038,10,0,0,0,0
6550.491006,6808.899372,6619.458055,0.006645783,0.00666366,0.006663857,9263.79322,-1.601822519,985516.1854,-16910.16598,9629.237837,2.609739833,1021786.756,-4291.340113,9361.327357,0.554551637,993112.9312,21109.65098,10,0,0,0,0
6549.629868,6810.089613,6618.42926,0.006644878,0.006664262,0.00666345,9262.575388,-1.602078765,985519.0458,-17017.54326,9630.921092,2.609712167,1021873.384,-4236.705819,9359.872421,0.554345283,993018.1446,21160.55515,10,0,0,0,0
4079.636639,2868.714103,6488.67915,61.09299298,61.0796473,0.009960667,5769.477465,-2.600018699,66.46840576,-6.417477107,4056.974391,-2.641583102,-46.52129847,6.453434888,9176.378057,0.523245229,651430.0434,-323.9593672,10,1,1,0,0
3898.488917,2794.133324,6768.803356,56.84311775,56.83004191,0.010112312,5513.295899,-2.589520288,67.19225156,-13.74303965,3951.501242,-2.671143276,-47.20484274,13.7493975,9572.533507,0.513298168,669361.7422,-1040.329368,10,1,1,0,0
4010.920041,2924.318876,6487.487175,55.3350907,55.32188821,0.009953155,5672.29752,-2.599612681,71.53457011,-11.69466587,4135.611415,-2.660709982,-51.54894766,11.70012739,9174.692348,0.53268455,651791.3218,3737.157672,10,1,1,0,0
3950.688804,2884.761065,6621.809157,53.90095951,53.88765967,0.01003842,5587.117688,-2.602477567,72.70350088,-9.295529819,4079.668222,-2.649889042,-52.71882491,9.30019574,9364.652318,0.509229421,659642.7883,-2217.616601,10,1,1,0,0
3933.791846,2865.692315,6639.069735,53.88126845,53.86794016,0.010037957,5563.221781,-2.606121539,72.54631921,-8.202197969,4052.700937,-2.648381287,-52.56173516,8.206206962,9389.062461,0.524138326,661394.8607,1450.670674,10,1,1,0,0
3986.32098,2923.729802,6586.62849,53.60705213,53.59366818,0.010040828,5637.509194,-2.608745993,73.88426743,-8.414492005,4134.778339,-2.650252851,-53.90014989,8.418653475,9314.899341,0.52055651,655983.4438,1189.647591,10,1,1,0,0
3937.167131,2874.263543,6617.367625,53.61010917,53.59678458,0.010022155,5567.995154,-2.610789125,72.98378692,-8.179975159,4064.822485,-2.652350649,-52.99939253,8.183954203,9358.371042,0.524571703,660269.033,2536.108826,10,1,1,0,0
3967.767636,2905.145938,6593.747424,53.58187964,53.56851525,0.010029335,5611.270804,-2.609068364,73.60244966,-8.134082674,4108.496786,-2.649598767,-53.61826785,8.138062716,9324.967034,0.525409906,657442.2254,2256.060861,10,1,1,0,0
3949.400011,2887.096089,6599.220411,53.56249407,53.5491625,0.010016671,5585.295059,-2.609259486,73.2922895,-8.062666009,4082.970445,-2.649843947,-53.30799718,8.066631988,9332.707006,0.521433827,658822.202,1402.48744,10,1,1,0,0
3954.947356,2890.801156,6602.487656,53.64815762,53.63481157,0.010024568,5593.140189,-2.606908264,73.28526564,-7.995152572,4088.210201,-2.647173232,-53.30096822,7.999079676,9337.327589,0.52433877,658628.9107,1496.768234,10,1,1,0,0
3953.358377,2891.796123,6597.914941,53.52934182,53.51600181,0.010019642,5590.893034,-2.610395766,73.40668124,-8.116587644,4089.617297,-2.651093977,-53.42243675,8.120563596,9330.860793,0.523013099,658494.9157,2026.022071,10,1,1,0,0
3952.403637,2890.137176,6599.832624,53.55125364,53.53791255,0.010020307,5589.542827,-2.608463265,73.37261788,-7.986492373,4087.271191,-2.64857436,-53.38836585,7.990417195,9333.572806,0.523294715,658643.7405,1597.91901,10,1,1,0,0
3956.808839,2894.602144,6599.357534,53.55683823,53.54348969,0.010024228,5595.772724,-2.609132304,73.43797363,-8.07466281,4093.58561,-2.649587177,-53.45374125,8.07862138,9332.900928,0.523994909,658337.8289,1940.211223,10,1,1,0,0
3952.378831,2890.560469,6599.214509,53.53572435,53.52238435,0.01001986,5589.507747,-2.609215766,73.38633488,-8.053772964,4087.869819,-2.64963579,-53.40208644,8.057723848,9332.69866,0.523461029,658610.8434,1834.263633,10,1,1,0,0
3956.851239,2894.968146,6600.513256,53.53803567,53.52468559,0.010025607,5595.832686,-2.608886671,73.46698666,-8.05541382,4094.103215,-2.649211188,-53.48276931,8.059370788,9334.535365,0.523510397,658363.0614,1763.781443,10,1,1,0,0
3953.668145,2891.43132,6599.602363,53.55853372,53.54519166,0.010021326,5591.331112,-2.609166974,73.37731507,-8.068404043,4089.101387,-2.64966957,-53.39305913,8.072361724,9333.247168,0.523403693,658553.229,1818.335409,10,1,1,0,0
3955.955034,2894.220398,6601.225282,53.53147984,53.51813061,0.010025489,5594.565262,-2.609257994,73.45842879,-8.062900264,4093.045739,-2.649629689,-53.4742101,8.066858197,9335.542322,0.523499508,658441.6143,1849.061253,10,1,1,0,0
3953.664459,2891.260849,6598.648735,53.56551003,53.55216878,0.010020288,5591.325899,-2.60913164,73.36914206,-8.05412989,4088.860304,-2.649575505,-53.38488193,8.058080078,9331.898534,0.523418431,658526.2975,1808.065614,10,1,1,0,0
6552.563743,6805.042126,6620.29567,0.006646457,0.006662373,0.006663684,9266.724514,-1.601370654,985733.6527,-16585.65154,9623.782867,2.609720018,1021405.328,-4259.165311,9362.511923,0.554133966,993271.911,20757.50119,50,0,0,0,0
6550.006575,6809.394192,6620.681309,0.006645811,0.006663955,0.006664747,9263.108132,-1.601860484,985439.312,-16901.32803,9629.937617,2.609695043,1021815.575,-4363.828989,9363.0573,0.554624861,993162.5201,21168.21394,50,0,0,0,0
6548.363482,6808.950186,6620.627142,0.006644155,0.00666379,0.006664468,9260.784448,-1.601722895,985438.3483,-16858.99434,9629.309698,2.609837932,1021774.083,-4385.953875,9362.980696,0.554509011,993196.6129,21141.44413,50,0,0,0,0
6547.361508,6809.126478,6621.669017,0.006643783,0.006664305,0.006664573,9259.367442,-1.601512545,985344.5838,-16747.59434,9629.559014,2.609650705,1021721.096,-4517.946517,9364.454129,0.554453833,993336.9561,21160.85731,50,0,0,0,0
6548.766702,6809.986302,6619.28366,0.006644838,0.006663979,0.00666363,9261.354686,-1.601701514,985395.7419,-16978.19288,9630.774987,2.609875602,1021900.659,-4362.049698,9361.080725,0.554857913,993117.7631,21245.07779,50,0,0,0,0
6550.494276,6808.601504,6620.109745,0.006645468,0.006663434,0.006664757,9263.797845,-1.601995219,985563.1261,-16926.83779,9628.816588,2.609871656,1021776.891,-4247.692383,9362.248985,0.55443777,993077.2597,21075.00831,50,0,0,0,0
6551.045684,6809.196227,6617.816637,0.00664564,0.006663555,0.006663299,9264.577653,-1.601937509,985618.6255,-17039.18301,9629.657653,2.610013085,1021848.012,-4141.557133,9359.006042,0.554579811,992950.0813,21090.86563,50,0,0,0,0
6550.71567,6808.684899,6618.454996,0.006645857,0.006663361,0.006663083,9264.110944,-1.601754179,985538.5644,-16936.95384,9628.934525,2.609793252,1021800.595,-4257.376076,9359.908817,0.554652218,993077.775,21107.22516,50,0,0,0,0
6550.738244,6809.248043,6619.973381,0.006646334,0.006663968,0.0066641,9264.142869,-1.601507417,985472.0727,-16889.58971,9629.730932,2.609910036,1021791.648,-4338.177963,9362.056138,0.554894281,993153.4559,21137.66454,50,0,0,0,0
6549.953759,6809.245578,6619.785066,0.006645324,0.006663975,0.006664146,9263.033438,-1.601838507,985503.4907,-16910.37845,9629.727445,2.60976935,1021790.384,-4302.991545,9361.78982,0.554481019,993118.7783,21117.76327,50,0,0,0,0
6549.48697,6809.302916,6619.256645,0.006644749,0.006663561,0.006664163,9262.3733,-1.602035829,985516.849,-17002.66373,9629.808534,2.609903835,1021862.662,-4250.137663,9361.042521,0.55452069,993036.1245,21153.11649,50,0,0,0,0
6550.408997,6808.969779,6619.293401,0.006645559,0.006663675,0.006663891,9263.677243,-1.601785258,985536.7158,-16932.59301,9629.337408,2.609885129,1021795.139,-4263.637173,9361.094501,0.554596445,993083.2632,21102.92163,50,0,0,0,0
6549.322709,6809.740062,6619.17634,0.006644601,0.006664014,0.006664065,9262.140999,-1.602047874,985514.1358,-16998.85163,9630.426752,2.609838119,1021858.91,-4252.949024,9360.928952,0.554402938,993038.6879,21152.58403,50,0,0,0,0
6550.6693,6809.551328,6618.705928,0.006645418,0.006664267,0.006663717,9264.045367,-1.60176241,985596.2975,-16965.26325,9630.159842,2.610006992,1021791.914,-4195.417641,9360.263689,0.554488069,993021.7576,21068.32511,50,0,0,0,0
6550.513117,6809.800612,6617.734921,0.006645329,0.006664255,0.006662929,9263.824491,-1.601670003,985585.3481,-17004.27412,9630.512382,2.610055698,1021831.305,-4183.6856,9358.890477,0.55462572,992992.9073,21099.91218,50,0,0,0,0
6550.410724,6809.321322,6621.335866,0.006645779,0.006664487,0.00666529,9263.679686,-1.601641458,985506.0894,-16834.88738,9629.834564,2.609896235,1021723.187,-4338.596405,9363.982983,0.554527754,993181.8275,21074.01956,50,0,0,0,0
6548.863708,6810.262582,6620.757921,0.006644792,0.006664893,0.006664669,9261.491874,-1.601711417,985418.7305,-16881.1619,9631.165707,2.609764486,1021801.885,-4389.549049,9363.165646,0.554489275,993185.6958,21170.46739,50,0,0,0,0
6550.210146,6808.157716,6619.706641,0.006645161,0.006663079,0.006664295,9263.396025,-1.601880566,985566.1291,-16914.28513,9628.188976,2.609937719,1021764.812,-4250.546863,9361.678911,0.554511783,993085.832,21066.29517,50,0,0,0,0
5854.951771,1775.120421,6579.165569,53.07908524,53.06755065,0.009994676,8280.152202,-2.388144177,105.2693302,-32.95184544,2510.399374,2.787247427,-5.313091081,33.02555439,9304.345177,0.524103121,658266.0278,1099.500744,50,1,1,0,0
5544.032683,1581.686668,6830.401964,48.4252846,48.41336503,0.010110054,7840.44621,-2.428180403,110.2051433,-31.01522395,2236.842738,2.876865996,-10.22105767,31.0304466,9659.647094,0.517439822,675603.8166,1178.245446,50,1,1,0,0
5688.301527,1677.137795,6571.689995,48.27585035,48.26379877,0.010000108,8044.473167,-2.435465341,113.3882411,-32.04389243,2371.831016,2.948505446,-13.40513566,32.05967519,9293.773118,0.536473746,657141.4983,5173.725514,50,1,1,0,0
5626.658166,1654.814063,6692.792057,48.24516842,48.23317457,0.010065831,7957.296289,-2.439025259,112.1301807,-32.07069366,2340.260491,2.913951742,-12.1465985,32.08647889,9465.037297,0.521794991,664891.0653,3820.753378,50,1,1,0,0
5634.43042,1621.705596,6674.879666,48.24712733,48.23508168,0.010046456,7968.287916,-2.430945,112.5461206,-31.17006219,2293.438048,2.934704464,-12.56291932,31.18551292,9439.70535,0.53084833,664395.6806,2749.88287,50,1,1,0,0
5646.470101,1675.346405,6659.115018,48.23948698,48.22747507,0.010053572,7985.314597,-2.440643941,112.4778622,-32.39781087,2369.297608,2.920230328,-12.49436027,32.41371561,9417.410772,0.527292389,662340.8082,5425.46189,50,1,1,0,0
5617.982321,1628.361334,6667.253788,48.22673549,48.21475034,0.010027362,7945.026791,-2.434408614,112.1545973,-31.48821193,2302.850683,2.920490139,-12.17115121,31.5037301,9428.920731,0.526344873,664898.3242,3198.829432,50,1,1,0,0
5633.177469,1647.795482,6661.002711,48.24239534,48.23039128,0.010037787,7966.515976,-2.436406211,112.3448265,-31.83475339,2330.334718,2.922447059,-12.36139037,31.8504184,9420.080373,0.528213759,663579.1709,4240.426875,50,1,1,0,0
5626.067731,1639.469953,6662.349236,48.24382253,48.23183095,0.0100312,7956.461287,-2.435758018,112.2279301,-31.69389248,2318.560643,2.920499688,-12.24447092,31.70948946,9421.984646,0.527082061,664151.7536,3807.161391,50,1,1,0,0
5633.960553,1642.431385,6663.517564,48.24023491,48.22822393,0.010039828,7967.623424,-2.435172901,112.4072878,-31.69267972,2322.748741,2.925584958,-12.42390118,31.70830881,9423.636912,0.527753073,663698.1741,3661.239278,50,1,1,0,0
5630.2278,1645.817714,6663.144094,48.23720258,48.22520361,0.010037202,7962.344514,-2.436369766,112.3008466,-31.81177155,2327.537733,2.921438814,-12.31739514,31.82742728,9423.108746,0.527431442,663832.2187,4073.977465,50,1,1,0,0
5628.854232,1639.362828,6662.732261,48.23362676,48.22162593,0.010034272,7960.401995,-2.435168086,112.3224104,-31.66255969,2318.409145,2.923536852,-12.33899665,31.67816264,9422.526326,0.527558142,663987.4126,3663.451075,50,1,1,0,0
5629.350612,1644.853634,6662.796375,48.21707835,48.20507885,0.010036631,7961.103983,-2.436152565,112.3384459,-31.79101421,2326.174317,2.922644867,-12.35501386,31.8066726,9422.616997,0.527297624,663836.1763,3939.890225,50,1,1,0,0
5631.747239,1642.816159,6663.026766,48.25932304,48.24732283,0.010036893,7964.493325,-2.435023934,112.3016714,-31.72798034,2323.292892,2.923003101,-12.31822939,31.7436042,9422.942819,0.527576543,663843.0715,3721.140346,50,1,1,0,0
5632.290572,1644.119961,6664.077638,48.23365559,48.22164867,0.01003961,7965.261715,-2.435759035,112.3719501,-31.7490692,2325.136747,2.923976677,-12.38854016,31.76471512,9424.428977,0.527597503,663767.3558,3846.264564,50,1,1,0,0
5630.635445,1642.99804,6663.676465,48.23334195,48.22133911,0.010037573,7962.921011,-2.435771271,112.3406161,-31.73655631,2323.550111,2.923210717,-12.35719472,31.75219257,9423.861632,0.527329134,663862.3128,3805.069761,50,1,1,0,0
5631.804435,1643.048084,6663.208897,48.2394142,48.22740946,0.010037878,7964.574213,-2.435477194,112.3528597,-31.72830041,2323.620884,2.92383118,-12.3694443,31.7439336,9423.200391,0.527659786,663795.6316,3793.96755,50,1,1,0,0
5630.31669,1643.749726,6663.092708,48.23215467,48.22015362,0.010036938,7962.470224,-2.435938346,112.3306603,-31.75805003,2324.613156,2.922742915,-12.34723038,31.77369227,9423.036075,0.527310963,663845.8007,3869.190312,50,1,1,0,0
6551.521478,6805.273871,6621.091003,0.006646026,0.006662435,0.006664023,9265.250528,-1.60135564,985641.1051,-16564.06283,9624.110604,2.609640912,1021430.309,-4350.155142,9363.636695,0.554203364,993339.3014,20822.79989,0.001,0,0,0,0
6550.010974,6809.32306,6618.942618,0.006645333,0.006663721,0.006663658,9263.114354,-1.601884449,985509.6732,-16971.23257,9629.837022,2.609819119,1021841.069,-4267.960136,9360.598419,0.554586915,993064.5093,21146.0647,0.001,0,0,0,0
6548.294721,6808.273083,6620.746396,0.006644132,0.006663194,0.006664453,9260.687205,-1.601690275,985431.7211,-16841.34969,9628.35213,2.609865894,1021763.753,-4401.34565,9363.149347,0.554605697,993216.8833,21138.4908,0.001,0,0,0,0
6550.00232,6810.017853,6619.324179,0.006645737,0.006664135,0.006663884,9263.102115,-1.601854367,985448.1723,-16983.05691,9630.819608,2.609760507,1021881.696,-4314.337338,9361.138027,0.554719113,993086.7949,21205.35436,0.001,0,0,0,0
6550.328781,6808.554722,6618.500279,0.006645139,0.006663203,0.006663494,9263.563801,-1.601971254,985586.2623,-16972.64113,9628.750428,2.609875433,1021805.484,-4202.684082,9359.972857,0.554452756,993023.9539,21081.58763,0.001,0,0,0,0
6550.106271,6809.377475,6619.131441,0.006645381,0.006663874,0.006663805,9263.249124,-1.601853387,985517.0636,-16958.31284,9629.913977,2.609837052,1021825.886,-4267.807054,9360.865455,0.554564437,993071.2188,21132.57086,0.001,0,0,0,0
6551.167751,6808.984618,6618.847129,0.0066462,0.006663619,0.006663623,9264.750283,-1.601895314,985555.5341,-16952.90142,9629.358392,2.60975513,1021806.125,-4236.323033,9360.463377,0.554558311,993056.3797,21100.68603,0.001,0,0,0,0
6550.228913,6809.348135,6621.136341,0.006645561,0.00666441,0.006665225,9263.422566,-1.601931693,985510.5997,-16856.32493,9629.872483,2.609679017,1021738.97,-4324.906311,9363.700812,0.554273738,993161.5416,21080.86582,0.001,0,0,0,0
6549.777572,6810.136661,6618.863864,0.00664468,0.006664665,0.006663911,9262.784274,-1.601915773,985571.2143,-16986.55347,9630.987628,2.609934825,1021818.67,-4207.598605,9360.487043,0.554303939,993015.8848,21097.20178,0.001,0,0,0,0
6550.258619,6808.222649,6619.674634,0.006645461,0.006663099,0.006664048,9263.464576,-1.601839761,985529.1479,-16899.34471,9628.280806,2.609820278,1021771.332,-4287.836682,9361.633646,0.554571285,993117.3473,21091.82546,0.001,0,0,0,0
6550.352303,6810.343047,6619.241885,0.006645709,0.006664561,0.006664099,9263.597065,-1.601863836,985504.7611,-16998.23799,9631.279502,2.609872197,1021865.433,-4258.603091,9361.021647,0.554608835,993043.1857,21163.74578,0.001,0,0,0,0
6549.429363,6809.524011,6619.203046,0.006644388,0.006664371,0.006663895,9262.291831,-1.601830762,985563.129,-16927.81333,9630.12121,2.609911006,1021771.69,-4243.081312,9360.96672,0.55427306,993069.7491,21072.54055,0.001,0,0,0,0
6551.016011,6809.581383,6617.812017,0.006645861,0.006663885,0.006663099,9264.53569,-1.601923489,985581.6616,-17026.36226,9630.202345,2.609863637,1021855.12,-4177.341227,9358.999508,0.554560819,992978.7652,21116.70935,0.001,0,0,0,0
6548.953209,6809.111394,6621.632937,0.006644819,0.006664126,0.006665229,9261.618448,-1.601528511,985429.2799,-16821.15509,9629.537682,2.609969701,1021746.736,-4412.625045,9364.403104,0.554684553,993234.3127,21129.45854,0.001,0,0,0,0
6548.506538,6809.474329,6620.393498,0.006644479,0.006663746,0.006664574,9260.986759,-1.601919143,985410.5272,-16940.58155,9630.050949,2.60979571,1021859.523,-4371.617447,9362.650273,0.554606961,993144.3528,21209.10966,0.001,0,0,0,0
6551.79109,6808.636797,6617.407492,0.006646011,0.006663429,0.006662862,9265.631817,-1.601823708,985676.5117,-16995.22398,9628.866499,2.610005217,1021783.526,-4110.820137,9358.427424,0.554518914,992955.3975,21020.89354,0.001,0,0,0,0
6549.385008,6810.700824,6619.993761,0.006645274,0.006664585,0.006664626,9262.229103,-1.601942708,985423.5245,-17011.93358,9631.785474,2.609836734,1021915.225,-4324.160487,9362.084959,0.55467965,993075.9621,21237.39028,0.001,0,0,0,0
6549.4443,6807.781796,6619.711569,0.006644641,0.006662514,0.006664222,9262.312954,-1.601850323,985527.7939,-16927.46146,9627.657346,2.610025134,1021794.879,-4278.962247,9361.68588,0.554674395,993096.6483,21104.90444,0.001,0,0,0,0
6620.0323,3423.662935,3316.663078,0.00998996,53.56823872,53.55492513,9362.139462,-1.59118663,662661.0597,-3146.007155,4841.790556,1.566484899,63.73542909,-4.749934538,4690.469907,1.562411107,-61.73948934,4.855464929,0.001,0,1,1,0
6550.236175,3524.417851,3416.790532,0.010017419,53.94357099,53.93009593,9263.432835,-1.532828228,653766.6574,12421.14469,4984.279524,1.554940835,65.19071409,-4.343786983,4832.07151,1.552841648,-63.20671042,4.345529386,0.001,0,1,1,0
6580.658956,3477.329388,3369.093534,0.010001559,54.14928409,54.13587882,9306.457145,-1.613717762,657884.4871,-10184.63019,4917.686382,1.573584312,64.18920098,-1.904840342,4764.617769,1.572630734,-62.20482535,1.906131447,0.001,0,1,1,0
6601.573756,3487.196423,3380.041393,0.010034435,53.66950355,53.65604874,9336.035138,-1.552696591,657866.3796,5800.804061,4931.640476,1.56399208,64.87540323,-3.603074875,4780.100379,1.562231125,-62.89138311,3.604679239,0.001,0,1,1,0
6557.235332,3510.196129,3402.977671,0.010013702,53.72160507,53.70815739,9273.331139,-1.577455348,654822.4261,2244.222536,4964.166972,1.555167292,65.21599539,-4.031611949,4812.537175,1.553219186,-63.23201757,4.033553091,0.001,0,1,1,0
6586.781626,3486.44703,3379.391389,0.010019691,53.581214,53.56777347,9315.115908,-1.572153101,657383.614,-297.7206447,4930.580675,1.571402031,65.01359122,-2.671576794,4779.181135,1.570100056,-63.02962626,2.672928014,0.001,0,1,1,0
6589.745483,3493.594139,3386.127511,0.010029124,53.83197263,53.81851966,9319.307435,-1.566300509,657044.7009,4614.366323,4940.688212,1.55571497,64.79077963,-3.731169251,4788.707449,1.553886992,-62.80668216,3.732874597,0.001,0,1,1,0
6579.424755,3493.609312,3386.210294,0.010019324,53.78986234,53.77642353,9304.711721,-1.575973512,656673.4188,304.045187,4940.70967,1.565128158,64.85141169,-3.562987198,4788.824523,1.563385321,-62.86732113,3.564757657,0.001,0,1,1,0
6586.799263,3489.665201,3381.978092,0.010022515,53.92572652,53.91228395,9315.140851,-1.56889756,657196.8947,2101.117003,4935.131855,1.564185391,64.62476236,-3.367438495,4782.839285,1.562525946,-62.64058804,3.369045374,0.001,0,1,1,0
6601.193067,3493.599732,3385.817594,0.010040849,53.97539357,53.96193025,9335.496764,-1.574119362,657432.2263,1416.174297,4940.696123,1.562012702,64.63568387,-3.414036462,4788.269161,1.560330995,-62.65151968,3.415691224,0.001,0,1,1,0
6581.156064,3490.129151,3382.411133,0.010017333,53.93894689,53.92550873,9307.160162,-1.569247868,656973.9445,1958.669187,4935.78798,1.564457877,64.62012926,-3.316464117,4783.451698,1.562823176,-62.63594574,3.318049651,0.001,0,1,1,0
6579.431161,3492.957191,3385.219653,0.010018436,53.95525878,53.94181836,9304.72078,-1.572185043,656729.7881,1849.979153,4939.787432,1.562040443,64.64534669,-3.46291057,4787.423544,1.560335321,-62.66116341,3.464572645,0.001,0,1,1,0
6580.429255,3496.527044,3388.803293,0.010023009,53.94578318,53.932334,9306.132298,-1.570480493,656529.656,1867.404076,4944.835966,1.563655373,64.72577317,-3.410756804,4792.491577,1.56198001,-62.74162447,3.41239361,0.001,0,1,1,0
6577.005864,3490.059406,3382.345746,0.010013112,53.94136902,53.92793614,9301.290893,-1.570622799,656836.3032,1994.993941,4935.689346,1.562948403,64.61058949,-3.418839346,4783.359226,1.561263022,-62.62639412,3.420473972,0.001,0,1,1,0
6580.723376,3494.255154,3386.530062,0.010021022,53.94937567,53.93593128,9306.548249,-1.57079796,656688.8971,1968.18969,4941.62303,1.562905088,64.67601588,-3.472123114,4789.276743,1.5611971,-62.69184664,3.473786354,0.001,0,1,1,0
6577.793837,3490.172505,3382.450363,0.010014012,53.94567985,53.93224603,9302.405255,-1.570481906,656856.0847,1965.422977,4935.849291,1.563220624,64.60744608,-3.420073849,4783.507178,1.561534472,-62.6232497,3.421710094,0.001,0,1,1,0
6579.792371,3494.107893,3386.40753,0.01001995,53.93681184,53.92336852,9305.231609,-1.570770484,656666.0125,2030.855449,4941.41477,1.562653794,64.68856331,-3.468901648,4789.103457,1.560948053,-62.70439984,3.470561365,0.001,0,1,1,0
6578.959084,3493.325584,3385.285766,0.010018177,54.10687805,54.09343766,9304.053163,-1.570468222,656699.4971,1898.37691,4940.308418,1.56354655,64.4707078,-3.45893197,4787.517043,1.561834016,-62.48643682,3.460585925,0.001,0,1,1,0
6551.521478,6805.273871,6621.091003,0.006646026,0.006662435,0.006664023,9265.250528,-1.60135564,985641.1051,-16564.06283,9624.110604,2.609640912,1021430.309,-4350.155142,9363.636695,0.554203364,993339.3014,20822.79989,1,0,0,0,0
6550.010974,6809.32306,6618.942618,0.006645333,0.006663721,0.006663658,9263.114354,-1.601884449,985509.6732,-16971.23257,9629.837022,2.609819119,1021841.069,-4267.960136,9360.598419,0.554586915,993064.5093,21146.0647,1,0,0,0,0
6548.294721,6808.273083,6620.746396,0.006644132,0.006663194,0.006664453,9260.687205,-1.601690275,985431.7211,-16841.34969,9628.35213,2.609865894,1021763.753,-4401.34565,9363.149347,0.554605697,993216.8833,21138.4908,1,0,0,0,0
6550.00232,6810.017853,6619.324179,0.006645737,0.006664135,0.006663884,9263.102115,-1.601854367,985448.1723,-16983.05691,9630.819608,2.609760507,1021881.696,-4314.337338,9361.138027,0.554719113,993086.7949,21205.35436,1,0,0,0,0
6550.328781,6808.554722,6618.500279,0.006645139,0.006663203,0.006663494,9263.563801,-1.601971254,985586.2623,-16972.64113,9628.750428,2.609875433,1021805.484,-4202.684082,9359.972857,0.554452756,993023.9539,21081.58763,1,0,0,0,0
6550.106271,6809.377475,6619.131441,0.006645381,0.006663874,0.006663805,9263.249124,-1.601853387,985517.0636,-16958.31284,9629.913977,2.609837052,1021825.886,-4267.807054,9360.865455,0.554564437,993071.2188,21132.57086,1,0,0,0,0
6551.167751,6808.984618,6618.847129,0.0066462,0.006663619,0.006663623,9264.750283,-1.601895314,985555.5341,-16952.90142,9629.358392,2.60975513,1021806.125,-4236.323033,9360.463377,0.554558311,993056.3797,21100.68603,1,0,0,0,0
6550.228913,6809.348135,6621.136341,0.006645561,0.00666441,0.006665225,9263.422566,-1.601931693,985510.5997,-16856.32493,9629.872483,2.609679017,1021738.97,-4324.906311,9363.700812,0.554273738,993161.5416,21080.86582,1,0,0,0,0
6549.777572,6810.136661,6618.863864,0.00664468,0.006664665,0.006663911,9262.784274,-1.601915773,985571.2143,-16986.55347,9630.987628,2.609934825,1021818.67,-4207.598605,9360.487043,0.554303939,993015.8848,21097.20178,1,0,0,0,0
6550.258619,6808.222649,6619.674634,0.006645461,0.006663099,0.006664048,9263.464576,-1.601839761,985529.1479,-16899.34471,9628.280806,2.609820278,1021771.332,-4287.836682,9361.633646,0.554571285,993117.3473,21091.82546,1,0,0,0,0
6550.352303,6810.343047,6619.241885,0.006645709,0.006664561,0.006664099,9263.597065,-1.601863836,985504.7611,-16998.23799,9631.279502,2.609872197,1021865.433,-4258.603091,9361.021647,0.554608835,993043.1857,21163.74578,1,0,0,0,0
6549.429363,6809.524011,6619.203046,0.006644388,0.006664371,0.006663895,9262.291831,-1.601830762,985563.129,-16927.81333,9630.12121,2.609911006,1021771.69,-4243.081312,9360.96672,0.55427306,993069.7491,21072.54055,1,0,0,0,0
6551.016011,6809.581383,6617.812017,0.006645861,0.006663885,0.006663099,9264.53569,-1.601923489,985581.6616,-17026.36226,9630.202345,2.609863637,1021855.12,-4177.341227,9358.999508,0.554560819,992978.7652,21116.70935,1,0,0,0,0
6548.953209,6809.111394,6621.632937,0.006644819,0.006664126,0.006665229,9261.618448,-1.601528511,985429.2799,-16821.15509,9629.537682,2.609969701,1021746.736,-4412.625045,9364.403104,0.554684553,993234.3127,21129.45854,1,0,0,0,0
6548.506538,6809.474329,6620.393498,0.006644479,0.006663746,0.006664574,9260.986759,-1.601919143,985410.5272,-16940.58155,9630.050949,2.60979571,1021859.523,-4371.617447,9362.650273,0.554606961,993144.3528,21209.10966,1,0,0,0,0
6551.79109,6808.636797,6617.407492,0.006646011,0.006663429,0.006662862,9265.631817,-1.601823708,985676.5117,-16995.22398,9628.866499,2.610005217,1021783.526,-4110.820137,9358.427424,0.554518914,992955.3975,21020.89354,1,0,0,0,0
6549.385008,6810.700824,6619.993761,0.006645274,0.006664585,0.006664626,9262.229103,-1.601942708,985423.5245,-17011.93358,9631.785474,2.609836734,1021915.225,-4324.160487,9362.084959,0.55467965,993075.9621,21237.39028,1,0,0,0,0
6549.4443,6807.781796,6619.711569,0.006644641,0.006662514,0.006664222,9262.312954,-1.601850323,985527.7939,-16927.46146,9627.657346,2.610025134,1021794.879,-4278.962247,9361.68588,0.554674395,993096.6483,21104.90444,1,0,0,0,0
6620.0323,3423.662935,3316.663078,0.00998996,53.56823872,53.55492513,9362.139462,-1.59118663,662661.0597,-3146.007155,4841.790556,1.566484899,63.73542909,-4.749934538,4690.469907,1.562411107,-61.73948934,4.855464929,1,0,1,1,0
6550.236175,3524.417851,3416.790532,0.010017419,53.94357099,53.93009593,9263.432835,-1.532828228,653766.6574,12421.14469,4984.279524,1.554940835,65.19071409,-4.343786983,4832.07151,1.552841648,-63.20671042,4.345529386,1,0,1,1,0
6580.658956,3477.329388,3369.093534,0.010001559,54.14928409,54.13587882,9306.457145,-1.613717762,657884.4871,-10184.63019,4917.686382,1.573584312,64.18920098,-1.904840342,4764.617769,1.572630734,-62.20482535,1.906131447,1,0,1,1,0
6601.573756,3487.196423,3380.041393,0.010034435,53.66950355,53.65604874,9336.035138,-1.552696591,657866.3796,5800.804061,4931.640476,1.56399208,64.87540323,-3.603074875,4780.100379,1.562231125,-62.89138311,3.604679239,1,0,1,1,0
6557.235332,3510.196129,3402.977671,0.010013702,53.72160507,53.70815739,9273.331139,-1.577455348,654822.4261,2244.222536,4964.166972,1.555167292,65.21599539,-4.031611949,4812.537175,1.553219186,-63.23201757,4.033553091,1,0,1,1,0
6586.781626,3486.44703,3379.391389,0.010019691,53.581214,53.56777347,9315.115908,-1.572153101,657383.614,-297.7206447,4930.580675,1.571402031,65.01359122,-2.671576794,4779.181135,1.570100056,-63.02962626,2.672928014,1,0,1,1,0
6589.745483,3493.594139,3386.127511,0.010029124,53.83197263,53.81851966,9319.307435,-1.566300509,657044.7009,4614.366323,4940.688212,1.55571497,64.79077963,-3.731169251,4788.707449,1.553886992,-62.80668216,3.732874597,1,0,1,1,0
6579.424755,3493.609312,3386.210294,0.010019324,53.78986234,53.77642353,9304.711721,-1.575973512,656673.4188,304.045187,4940.70967,1.565128158,64.85141169,-3.562987198,4788.824523,1.563385321,-62.86732113,3.564757657,1,0,1,1,0
6586.799263,3489.665201,3381.978092,0.010022515,53.92572652,53.91228395,9315.140851,-1.56889756,657196.8947,2101.117003,4935.131855,1.564185391,64.62476236,-3.367438495,4782.839285,1.562525946,-62.64058804,3.369045374,1,0,1,1,0
6601.193067,3493.599732,3385.817594,0.010040849,53.97539357,53.96193025,9335.496764,-1.574119362,657432.2263,1416.174297,4940.696123,1.562012702,64.63568387,-3.414036462,4788.269161,1.560330995,-62.65151968,3.415691224,1,0,1,1,0
6581.156064,3490.129151,3382.411133,0.010017333,53.93894689,53.92550873,9307.160162,-1.569247868,656973.9445,1958.669187,4935.78798,1.564457877,64.62012926,-3.316464117,4783.451698,1.562823176,-62.63594574,3.318049651,1,0,1,1,0
6579.431161,3492.957191,3385.219653,0.010018436,53.95525878,53.94181836,9304.72078,-1.572185043,656729.7881,1849.979153,4939.787432,1.562040443,64.64534669,-3.46291057,4787.423544,1.560335321,-62.66116341,3.464572645,1,0,1,1,0
6580.429255,3496.527044,3388.803293,0.010023009,53.94578318,53.932334,9306.132298,-1.570480493,656529.656,1867.404076,4944.835966,1.563655373,64.72577317,-3.410756804,4792.491577,1.56198001,-62.74162447,3.41239361,1,0,1,1,0
6577.005864,3490.059406,3382.345746,0.010013112,53.94136902,53.92793614,9301.290893,-1.570622799,656836.3032,1994.993941,4935.689346,1.562948403,64.61058949,-3.418839346,4783.359226,1.561263022,-62.62639412,3.420473972,1,0,1,1,0
6580.723376,3494.255154,3386.530062,0.010021022,53.94937567,53.93593128,9306.548249,-1.57079796,656688.8971,1968.18969,4941.62303,1.562905088,64.67601588,-3.472123114,4789.276743,1.5611971,-62.69184664,3.473786354,1,0,1,1,0
6577.793837,3490.172505,3382.450363,0.010014012,53.94567985,53.93224603,9302.405255,-1.570481906,656856.0847,1965.422977,4935.849291,1.563220624,64.60744608,-3.420073849,4783.507178,1.561534472,-62.6232497,3.421710094,1,0,1,1,0
6579.792371,3494.107893,3386.40753,0.01001995,53.93681184,53.92336852,9305.231609,-1.570770484,656666.0125,2030.855449,4941.41477,1.562653794,64.68856331,-3.468901648,4789.103457,1.560948053,-62.70439984,3.470561365,1,0,1,1,0
6578.959084,3493.325584,3385.285766,0.010018177,54.10687805,54.09343766,9304.053163,-1.570468222,656699.4971,1898.37691,4940.308418,1.56354655,64.4707078,-3.45893197,4787.517043,1.561834016,-62.48643682,3.460585925,1,0,1,1,0
6552.486136,6804.979548,6620.363241,0.00664635,0.006662421,0.006663682,9266.614761,-1.601310968,985738.1617,-16569.54305,9623.694368,2.60975166,1021388.659,-4262.879923,9362.607483,0.554127807,993282.6465,20744.73107,10,0,0,0,0
6550.018806,6809.261265,6620.310856,0.006645456,0.006664036,0.006664558,9263.12543,-1.601775378,985493.8925,-16896.79453,9629.749631,2.609838551,1021783.374,-4318.797229,9362.5334,0.554558326,993136.1995,21118.1945,10,0,0,0,0
6548.518698,6808.833577,6620.264528,0.00664434,0.006663433,0.00666429,9261.003955,-1.601730781,985433.6414,-16897.43591,9629.144788,2.609900833,1021811.47,-4371.953956,9362.467882,0.554670533,993168.1459,21167.249,10,0,0,0,0
6548.882661,6809.598709,6620.065075,0.006645066,0.006663813,0.006664082,9261.518677,-1.601885147,985380.2033,-16930.27606,9630.226848,2.609622351,1021867.892,-4399.628018,9362.185813,0.554660547,993167.8742,21233.06589,10,0,0,0,0
6549.935407,6809.153411,6618.971508,0.00664519,0.006663593,0.006663715,9263.007485,-1.601917963,985519.47,-16970.36769,9629.597102,2.609829778,1021835.306,-4260.698756,9360.639275,0.554550896,993060.5381,21136.69274,10,0,0,0,0
6550.787266,6808.585374,6618.192602,0.006645572,0.006663301,0.006663148,9264.212196,-1.601895744,985591.1591,-16961.69185,9628.793777,2.60982719,1021795.154,-4201.531979,9359.537736,0.554488216,993029.476,21074.05649,10,0,0,0,0
6550.473324,6808.613781,6619.494133,0.006645709,0.006662943,0.006664333,9263.768215,-1.602120627,985523.1925,-16990.25966,9628.83395,2.609793128,1021854.013,-4251.452558,9361.37838,0.554604195,993046.5709,21145.10887,10,0,0,0,0
6549.695339,6808.037829,6619.735447,0.006644997,0.006662823,0.006664093,9262.667977,-1.601745098,985513.0342,-16908.0916,9628.01943,2.609984122,1021785.905,-4298.968895,9361.719648,0.554720107,993119.3798,21108.6629,10,0,0,0,0
6550.129723,6808.607207,6619.80081,0.006645437,0.006663161,0.006664368,9263.28229,-1.601975123,985512.5614,-16946.29207,9628.824653,2.609827507,1021819.582,-4281.098391,9361.812086,0.554592654,993087.8114,21129.70313,10,0,0,0,0
6550.843283,6808.64228,6619.56353,0.006646162,0.006663287,0.006664029,9264.291416,-1.60189611,985512.7342,-16927.04823,9628.874253,2.609729106,1021805.395,-4287.458512,9361.476522,0.554639488,993102.8887,21122.91103,10,0,0,0,0
6550.324127,6809.400816,6618.972227,0.006645471,0.006663877,0.006663793,9263.557218,-1.601754497,985536.3306,-16972.54155,9629.946986,2.609988095,1021829.021,-4244.488185,9360.640292,0.554678961,993049.2057,21123.93244,10,0,0,0,0
6548.573908,6808.942644,6620.882743,0.006644831,0.006663402,0.006664587,9261.082035,-1.601631617,985369.331,-16882.94554,9629.299032,2.609883317,1021832.295,-4434.333556,9363.342169,0.554899135,993215.662,21215.7603,10,0,0,0,0
6550.89305,6809.147697,6619.655466,0.006646322,0.006663758,0.006664049,9264.361796,-1.601889651,985496.5709,-16922.94685,9629.589021,2.609653888,1021809.014,-4301.920776,9361.606539,0.554593521,993113.3564,21134.57722,10,0,0,0,0
6550.593881,6809.264657,6619.031157,0.006645761,0.006663923,0.00666366,9263.938707,-1.601871856,985534.53,-16938.39188,9629.754428,2.609733053,1021801.413,-4261.052266,9360.723632,0.554484707,993078.2235,21108.90678,10,0,0,0,0
6551.844501,6809.659456,6617.754444,0.006646489,0.006664474,0.006662776,9265.707351,-1.601707735,985614.4332,-16953.15257,9630.312758,2.609789127,1021776.493,-4180.162956,9358.918087,0.554472168,993019.6644,21052.66952,10,0,0,0,0
6550.189954,6808.355249,6620.410889,0.006645141,0.006663199,0.006665068,9263.367469,-1.60205873,985565.7949,-16928.23328,9628.46833,2.609915348,1021776.048,-4246.919883,9362.674868,0.554409981,993076.1443,21071.70038,10,0,0,0,0
6550.491006,6808.899372,6619.458055,0.006645783,0.00666366,0.006663857,9263.79322,-1.601822519,985516.1854,-16910.16598,9629.237837,2.609739833,1021786.756,-4291.340113,9361.327357,0.554551637,993112.9312,21109.65098,10,0,0,0,0
6549.629868,6810.089613,6618.42926,0.006644878,0.006664262,0.00666345,9262.575388,-1.602078765,985519.0458,-17017.54326,9630.921092,2.609712167,1021873.384,-4236.705819,9359.872421,0.554345283,993018.1446,21160.55515,10,0,0,0,0
6631.435328,3904.377086,2860.920166,0.010012723,52.95655468,52.94335355,9378.265779,-1.584836853,662300.8634,130.4549672,5521.623028,1.579844056,72.93807957,-10.76308568,4045.9521,1.523866714,-52.93292773,10.86939305,10,0,1,1,0
6519.735184,4021.022821,2976.358371,0.010014793,52.79934025,52.78592678,9220.29792,-1.536558905,650915.448,11124.42126,5686.585009,1.574929422,75.56118116,-9.505201341,4209.206374,1.530633667,-55.57774874,9.509632276,10,0,1,1,0
6594.006103,3952.183411,2898.749452,0.010016683,53.11643299,53.10313916,9325.332862,-1.612745988,658232.5155,-9588.061229,5589.23138,1.588468483,73.95724959,-8.159898565,4099.450789,1.54826567,-53.97315641,8.164325717,10,0,1,1,0
6559.780116,3976.855096,2920.655656,0.010007237,53.29890308,53.28554948,9276.930006,-1.554211454,655486.7348,4700.977115,5624.122412,1.584331071,74.11981673,-8.575070746,4130.43084,1.54237345,-54.13582015,8.579203383,10,0,1,1,0
6565.406151,3976.957329,2917.410549,0.01001156,53.53611043,53.52277901,9284.886421,-1.575101351,655778.7194,2230.628592,5624.266991,1.575654125,73.72521175,-9.106608604,4125.841565,1.530647086,-53.74097129,9.111067658,10,0,1,1,0
6584.79183,3973.364993,2911.863318,0.010026631,53.53933344,53.52597727,9312.301911,-1.570965109,656730.25,-14.21451562,5619.186661,1.588048651,73.75046711,-8.281171762,4117.996597,1.547003262,-53.766306,8.285305527,10,0,1,1,0
6603.856752,3967.519692,2906.779338,0.01004005,53.57018361,53.55682925,9339.263782,-1.572952245,657748.8894,1812.882032,5610.920157,1.579234803,73.53039367,-8.858566113,4110.806762,1.535133472,-53.54613572,8.862920709,10,0,1,1,0
6576.338921,3988.563618,2928.253652,0.010033735,53.55773324,53.54436436,9300.347692,-1.571075214,655418.6834,2332.862107,5640.680762,1.578896298,73.92712956,-8.993996288,4141.176029,1.534704154,-53.9429863,8.998406147,10,0,1,1,0
6552.706591,3971.990637,2910.884358,0.009993174,53.57195682,53.55863905,9266.926532,-1.568083713,655714.3445,2268.640654,5617.243028,1.581793841,73.62735882,-8.729859027,4116.612138,1.538441057,-53.64309318,8.734122084,10,0,1,1,0
6568.516181,3989.892746,2929.314745,0.010027175,53.55926494,53.54590058,9289.284667,-1.571906003,655069.0136,1801.497763,5642.560434,1.580208531,73.96172388,-8.896930101,4142.676641,1.536521489,-53.97758771,8.901308595,10,0,1,1,0
6565.701841,3979.313864,2918.343568,0.01001359,53.56801175,53.55466844,9285.30459,-1.570024985,655676.3234,1917.372934,5627.599636,1.58142625,73.76524993,-8.774295745,4127.161054,1.538050488,-53.78104556,8.778601543,10,0,1,1,0
6560.814885,3985.098965,2924.405169,0.010014574,53.5708783,53.55753098,9278.393391,-1.570663755,655122.9463,2224.280886,5635.781004,1.579705039,73.85129389,-8.930346612,4135.733453,1.535708223,-53.86710609,8.934720544,10,0,1,1,0
6563.325337,3981.690117,2921.849738,0.010014141,53.52164479,53.50830058,9281.943705,-1.570391825,655402.9564,1915.381674,5630.960165,1.581232836,73.86218127,-8.8796309,4132.119526,1.537490777,-53.87800893,8.883993274,10,0,1,1,0
6560.266927,3981.905689,2920.817756,0.010010652,53.58448853,53.57114727,9277.618461,-1.570354446,655325.1463,2141.736638,5631.265029,1.580286604,73.7799158,-8.866655178,4130.660084,1.536492725,-53.79570277,8.870997211,10,0,1,1,0
6561.655641,3984.217564,2923.425774,0.010014527,53.56532102,53.55197329,9279.582399,-1.571056849,655210.8941,1933.988627,5634.534515,1.580414572,73.85324137,-8.841020274,4134.348378,1.53684289,-53.86906085,8.845360407,10,0,1,1,0
6561.201438,3982.452447,2921.456537,0.010012192,53.57718629,53.56384265,9278.94006,-1.570422719,655317.9588,2046.974886,5632.038263,1.580586535,73.80272814,-8.847215975,4131.563457,1.536916197,-53.81852667,8.85155298,10,0,1,1,0
6561.904276,3984.98571,2924.319818,0.010015609,53.55962666,53.54627734,9279.934022,-1.57061874,655165.0239,1895.004016,5635.620836,1.581032,73.87460842,-8.849719966,4135.612748,1.537448438,-53.89043606,8.854066766,10,0,1,1,0
6560.200603,3980.940992,2920.240045,0.010009827,53.5637718,53.55043227,9277.524665,-1.570553047,655372.8846,2029.918466,5629.900741,1.580559281,73.79172695,-8.858302319,4129.843077,1.536821263,-53.80752095,8.862645187,10,0,1,1,0
6552.563743,6805.042126,6620.29567,0.006646457,0.006662373,0.006663684,9266.724514,-1.601370654,985733.6527,-16585.65154,9623.782867,2.609720018,1021405.328,-4259.165311,9362.511923,0.554133966,993271.911,20757.50119,50,0,0,0,0
6550.006575,6809.394192,6620.681309,0.006645811,0.006663955,0.006664747,9263.108132,-1.601860484,985439.312,-16901.32803,9629.937617,2.609695043,1021815.575,-4363.828989,9363.0573,0.554624861,993162.5201,21168.21394,50,0,0,0,0
6548.363482,6808.950186,6620.627142,0.006644155,0.00666379,0.006664468,9260.784448,-1.601722895,985438.3483,-16858.99434,9629.309698,2.609837932,1021774.083,-4385.953875,9362.980696,0.554509011,993196.6129,21141.44413,50,0,0,0,0
6547.361508,6809.126478,6621.669017,0.006643783,0.006664305,0.006664573,9259.367442,-1.601512545,985344.5838,-16747.59434,9629.559014,2.609650705,1021721.096,-4517.946517,9364.454129,0.554453833,993336.9561,21160.85731,50,0,0,0,0
6548.766702,6809.986302,6619.28366,0.006644838,0.006663979,0.00666363,9261.354686,-1.601701514,985395.7419,-16978.19288,9630.774987,2.609875602,1021900.659,-4362.049698,9361.080725,0.554857913,993117.7631,21245.07779,50,0,0,0,0
6550.494276,6808.601504,6620.109745,0.006645468,0.006663434,0.006664757,9263.797845,-1.601995219,985563.1261,-16926.83779,9628.816588,2.609871656,1021776.891,-4247.692383,9362.248985,0.55443777,993077.2597,21075.00831,50,0,0,0,0
6551.045684,6809.196227,6617.816637,0.00664564,0.006663555,0.006663299,9264.577653,-1.601937509,985618.6255,-17039.18301,9629.657653,2.610013085,1021848.012,-4141.557133,9359.006042,0.554579811,992950.0813,21090.86563,50,0,0,0,0
6550.71567,6808.684899,6618.454996,0.006645857,0.006663361,0.006663083,9264.110944,-1.601754179,985538.5644,-16936.95384,9628.934525,2.609793252,1021800.595,-4257.376076,9359.908817,0.554652218,993077.775,21107.22516,50,0,0,0,0
6550.738244,6809.248043,6619.973381,0.006646334,0.006663968,0.0066641,9264.142869,-1.601507417,985472.0727,-16889.58971,9629.730932,2.609910036,1021791.648,-4338.177963,9362.056138,0.554894281,993153.4559,21137.66454,50,0,0,0,0
6549.953759,6809.245578,6619.785066,0.006645324,0.006663975,0.006664146,9263.033438,-1.601838507,985503.4907,-16910.37845,9629.727445,2.60976935,1021790.384,-4302.991545,9361.78982,0.554481019,993118.7783,21117.76327,50,0,0,0,0
6549.48697,6809.302916,6619.256645,0.006644749,0.006663561,0.006664163,9262.3733,-1.602035829,985516.849,-17002.66373,9629.808534,2.609903835,1021862.662,-4250.137663,9361.042521,0.55452069,993036.1245,21153.11649,50,0,0,0,0
6550.408997,6808.969779,6619.293401,0.006645559,0.006663675,0.006663891,9263.677243,-1.601785258,985536.7158,-16932.59301,9629.337408,2.609885129,1021795.139,-4263.637173,9361.094501,0.554596445,993083.2632,21102.92163,50,0,0,0,0
6549.322709,6809.740062,6619.17634,0.006644601,0.006664014,0.006664065,9262.140999,-1.602047874,985514.1358,-16998.85163,9630.426752,2.609838119,1021858.91,-4252.949024,9360.928952,0.554402938,993038.6879,21152.58403,50,0,0,0,0
6550.6693,6809.551328,6618.705928,0.006645418,0.006664267,0.006663717,9264.045367,-1.60176241,985596.2975,-16965.26325,9630.159842,2.610006992,1021791.914,-4195.417641,9360.263689,0.554488069,993021.7576,21068.32511,50,0,0,0,0
6550.513117,6809.800612,6617.734921,0.006645329,0.006664255,0.006662929,9263.824491,-1.601670003,985585.3481,-17004.27412,9630.512382,2.610055698,1021831.305,-4183.6856,9358.890477,0.55462572,992992.9073,21099.91218,50,0,0,0,0
6550.410724,6809.321322,6621.335866,0.006645779,0.006664487,0.00666529,9263.679686,-1.601641458,985506.0894,-16834.88738,9629.834564,2.609896235,1021723.187,-4338.596405,9363.982983,0.554527754,993181.8275,21074.01956,50,0,0,0,0
6548.863708,6810.262582,6620.757921,0.006644792,0.006664893,0.006664669,9261.491874,-1.601711417,985418.7305,-16881.1619,9631.165707,2.609764486,1021801.885,-4389.549049,9363.165646,0.554489275,993185.6958,21170.46739,50,0,0,0,0
6550.210146,6808.157716,6619.706641,0.006645161,0.006663079,0.006664295,9263.396025,-1.601880566,985566.1291,-16914.28513,9628.188976,2.609937719,1021764.812,-4250.546863,9361.678911,0.554511783,993085.832,21066.29517,50,0,0,0,0
6566.736268,5457.294867,1918.673673,0.010014913,43.97444839,43.96287671,9286.767491,-1.587133473,655694.9345,-1073.451743,7717.780414,1.766297289,117.5252179,-39.86232151,2713.41433,0.934574915,-17.4730716,39.99258532,50,0,1,1,0
6435.267973,5775.8048,1779.931732,0.009973841,47.8919402,47.87981491,9100.843245,-1.54554695,645173.9974,7237.337884,8168.221481,1.754121304,115.8212138,-33.61535096,2517.203595,0.906054334,-15.83869428,33.63206486,50,0,1,1,0
6499.94677,5753.426496,1724.454617,0.009993607,48.25986703,48.24792132,9192.312877,-1.602998199,650363.9253,-7780.420598,8136.573781,1.762502832,114.6847468,-32.56147739,2438.747107,0.892389616,-14.70153465,32.57793699,50,0,1,1,0
6470.826694,5764.315848,1744.50991,0.009979469,48.26391456,48.25186193,9151.130871,-1.562117966,648409.3448,2434.197294,8151.97365,1.759776537,114.7937686,-32.96498565,2467.109574,0.890825173,-14.81081572,32.98135195,50,0,1,1,0
6532.24898,5782.829627,1772.287604,0.0100639,48.24144239,48.22935887,9237.9951,-1.579434741,649077.0423,-536.2497655,8178.156087,1.756405886,115.1037196,-33.47516074,2506.393166,0.892835907,-15.12070522,33.49196012,50,0,1,1,0
6523.625302,5775.076861,1736.495541,0.010039787,48.24563029,48.23353464,9225.799378,-1.574852931,649774.1474,-2008.490894,8167.19202,1.763646953,115.1696296,-32.62542187,2455.775545,0.904494753,-15.1868318,32.64187407,50,0,1,1,0
6497.836563,5765.847374,1763.361928,0.010013336,48.2410491,48.22901571,9189.328593,-1.574407125,648917.5463,955.0612756,8154.139555,1.756089117,114.7511242,-33.43041059,2493.770353,0.884695395,-14.76799362,33.44705363,50,0,1,1,0
6504.339146,5766.457192,1742.71723,0.010015855,48.22154182,48.20948551,9198.524635,-1.575034533,649403.4422,-1046.499289,8155.001968,1.761057766,114.9742722,-32.87725948,2464.574342,0.896534765,-14.99133667,32.89375071,50,0,1,1,0
6498.355514,5745.862653,1746.34863,0.009993347,48.23666915,48.2246703,9190.062501,-1.574430136,650267.6737,813.0826746,8125.876892,1.757143689,114.3967373,-33.20420873,2469.709917,0.878328492,-14.41351691,33.22069904,50,0,1,1,0
6501.318341,5760.732261,1750.333677,0.010010121,48.21957485,48.20754039,9194.252571,-1.574589318,649474.5264,-56.32948259,8146.905692,1.75901618,114.7804382,-33.13959674,2475.345624,0.889192815,-14.79737531,33.15614707,50,0,1,1,0
6498.357549,5748.847343,1740.086708,0.009994336,48.23434352,48.22233352,9190.065379,-1.575004797,650204.029,26.0260418,8130.097881,1.758703358,114.5236028,-33.00896874,2460.854223,0.883399421,-14.54046642,33.02541175,50,0,1,1,0
6499.518501,5757.971369,1747.593571,0.010004311,48.25039465,48.2383693,9191.707213,-1.57484701,649671.7708,131.5357684,8143.001201,1.75832383,114.6499688,-33.11010307,2471.47053,0.885608606,-14.66685988,33.12660752,50,0,1,1,0
6497.59936,5753.011518,1739.199538,0.009996398,48.24540101,48.23338178,9188.993138,-1.574623394,649993.9997,-209.7977475,8135.986914,1.75953297,114.6035559,-32.94448384,2459.599574,0.886274756,-14.62046227,32.96091371,50,0,1,1,0
6497.968449,5751.432393,1742.411192,0.009996556,48.23708719,48.2250735,9189.515108,-1.574957414,650020.7246,54.94825784,8133.753693,1.758608477,114.5627619,-33.042123,2464.141538,0.884102975,-14.57963297,33.05858541,50,0,1,1,0
6497.925129,5752.331879,1739.853839,0.00999684,48.23055427,48.21853546,9189.453844,-1.574797628,649997.8993,-224.5574896,8135.025759,1.759432283,114.6216386,-32.96343531,2460.524896,0.886530051,-14.63854878,32.97987974,50,0,1,1,0
6497.923225,5751.522265,1741.405149,0.009996232,48.24006383,48.2280494,9189.451151,-1.574735443,650037.2891,-3.299189566,8133.880792,1.758969735,114.5645444,-33.01610716,2462.718779,0.884586542,-14.58142137,33.0325591,50,0,1,1,0
6497.812333,5753.487617,1740.308982,0.009997192,48.2479239,48.23590434,9189.294328,-1.574665068,649963.7155,-126.9737405,8136.660219,1.759243816,114.6002771,-32.96902865,2461.168566,0.885831904,-14.61717768,32.98546678,50,0,1,1,0
6499.101594,5751.774077,1741.122704,0.00999803,48.22604221,48.2140236,9191.117617,-1.574748773,650038.2412,-71.53144063,8134.236908,1.759010689,114.610441,-33.00087385,2462.319342,0.885731779,-14.62734238,33.01733164,50,0,1,1,0
6551.521478,6805.273871,6621.091003,0.006646026,0.006662435,0.006664023,9265.250528,-1.60135564,985641.1051,-16564.06283,9624.110604,2.609640912,1021430.309,-4350.155142,9363.636695,0.554203364,993339.3014,20822.79989,0.001,0,0,0,0
6550.010974,6809.32306,6618.942618,0.006645333,0.006663721,0.006663658,9263.114354,-1.601884449,985509.6732,-16971.23257,9629.837022,2.609819119,1021841.069,-4267.960136,9360.598419,0.554586915,993064.5093,21146.0647,0.001,0,0,0,0
6548.294721,6808.273083,6620.746396,0.006644132,0.006663194,0.006664453,9260.687205,-1.601690275,985431.7211,-16841.34969,9628.35213,2.609865894,1021763.753,-4401.34565,9363.149347,0.554605697,993216.8833,21138.4908,0.001,0,0,0,0
6550.00232,6810.017853,6619.324179,0.006645737,0.006664135,0.006663884,9263.102115,-1.601854367,985448.1723,-16983.05691,9630.819608,2.609760507,1021881.696,-4314.337338,9361.138027,0.554719113,993086.7949,21205.35436,0.001,0,0,0,0
6550.328781,6808.554722,6618.500279,0.006645139,0.006663203,0.006663494,9263.563801,-1.601971254,985586.2623,-16972.64113,9628.750428,2.609875433,1021805.484,-4202.684082,9359.972857,0.554452756,993023.9539,21081.58763,0.001,0,0,0,0
6550.106271,6809.377475,6619.131441,0.006645381,0.006663874,0.006663805,9263.249124,-1.601853387,985517.0636,-16958.31284,9629.913977,2.609837052,1021825.886,-4267.807054,9360.865455,0.554564437,993071.2188,21132.57086,0.001,0,0,0,0
6551.167751,6808.984618,6618.847129,0.0066462,0.006663619,0.006663623,9264.750283,-1.601895314,985555.5341,-16952.90142,9629.358392,2.60975513,1021806.125,-4236.323033,9360.463377,0.554558311,993056.3797,21100.68603,0.001,0,0,0,0
6550.228913,6809.348135,6621.136341,0.006645561,0.00666441,0.006665225,9263.422566,-1.601931693,985510.5997,-16856.32493,9629.872483,2.609679017,1021738.97,-4324.906311,9363.700812,0.554273738,993161.5416,21080.86582,0.001,0,0,0,0
6549.777572,6810.136661,6618.863864,0.00664468,0.006664665,0.006663911,9262.784274,-1.601915773,985571.2143,-16986.55347,9630.987628,2.609934825,1021818.67,-4207.598605,9360.487043,0.554303939,993015.8848,21097.20178,0.001,0,0,0,0
6550.258619,6808.222649,6619.674634,0.006645461,0.006663099,0.006664048,9263.464576,-1.601839761,985529.1479,-16899.34471,9628.280806,2.609820278,1021771.332,-4287.836682,9361.633646,0.554571285,993117.3473,21091.82546,0.001,0,0,0,0
6550.352303,6810.343047,6619.241885,0.006645709,0.006664561,0.006664099,9263.597065,-1.601863836,985504.7611,-16998.23799,9631.279502,2.609872197,1021865.433,-4258.603091,9361.021647,0.554608835,993043.1857,21163.74578,0.001,0,0,0,0
6549.429363,6809.524011,6619.203046,0.006644388,0.006664371,0.006663895,9262.291831,-1.601830762,985563.129,-16927.81333,9630.12121,2.609911006,1021771.69,-4243.081312,9360.96672,0.55427306,993069.7491,21072.54055,0.001,0,0,0,0
6551.016011,6809.581383,6617.812017,0.006645861,0.006663885,0.006663099,9264.53569,-1.601923489,985581.6616,-17026.36226,9630.202345,2.609863637,1021855.12,-4177.341227,9358.999508,0.554560819,992978.7652,21116.70935,0.001,0,0,0,0
6548.953209,6809.111394,6621.632937,0.006644819,0.006664126,0.006665229,9261.618448,-1.601528511,985429.2799,-16821.15509,9629.537682,2.609969701,1021746.736,-4412.625045,9364.403104,0.554684553,993234.3127,21129.45854,0.001,0,0,0,0
6548.506538,6809.474329,6620.393498,0.006644479,0.006663746,0.006664574,9260.986759,-1.601919143,985410.5272,-16940.58155,9630.050949,2.60979571,1021859.523,-4371.617447,9362.650273,0.554606961,993144.3528,21209.10966,0.001,0,0,0,0
6551.79109,6808.636797,6617.407492,0.006646011,0.006663429,0.006662862,9265.631817,-1.601823708,985676.5117,-16995.22398,9628.866499,2.610005217,1021783.526,-4110.820137,9358.427424,0.554518914,992955.3975,21020.89354,0.001,0,0,0,0
6549.385008,6810.700824,6619.993761,0.006645274,0.006664585,0.006664626,9262.229103,-1.601942708,985423.5245,-17011.93358,9631.785474,2.609836734,1021915.225,-4324.160487,9362.084959,0.55467965,993075.9621,21237.39028,0.001,0,0,0,0
6549.4443,6807.781796,6619.711569,0.006644641,0.006662514,0.006664222,9262.312954,-1.601850323,985527.7939,-16927.46146,9627.657346,2.610025134,1021794.879,-4278.962247,9361.68588,0.554674395,993096.6483,21104.90444,0.001,0,0,0,0
3078.80582,6810.016205,3149.500209,33.39700015,0.009920578,33.40944212,4354.088946,-0.517925925,-88.17136845,26.91569486,9630.817277,2.6099419,686443.9804,-3634.052941,4454.06591,-0.510185778,90.37578034,-26.81429924,0.001,1,0,1,0
3072.366456,6809.511756,3155.883304,42.07170412,0.009923306,42.08462733,4344.982311,-0.515927257,-72.45674017,9.107692436,9630.103879,2.61006144,686203.9374,-3722.88928,4463.09297,-0.512602032,74.43455358,-9.101892786,0.001,1,0,1,0
3068.399176,6808.694066,3159.223758,45.74618396,0.00992216,45.7591076,4339.37173,-0.515827574,-66.56055039,8.286868056,9628.94749,2.609903961,686200.341,-3806.323689,4467.817085,-0.51224962,68.54177631,-8.282008869,0.001,1,0,1,0
3065.765716,6809.460063,3161.776549,48.41077711,0.009922898,48.42368688,4335.647454,-0.516288241,-62.77249196,8.370831944,9630.030773,2.610039826,686226.9514,-3729.370422,4471.427277,-0.512240523,64.75580155,-8.366212604,0.001,1,0,1,0
3066.779833,6809.102612,3161.493278,47.52510858,0.009922903,47.53808675,4337.081632,-0.515545099,-64.28490955,5.615106243,9629.525261,2.609876151,686190.371,-3768.305088,4471.02667,-0.512929001,66.26723031,-5.611876562,0.001,1,0,1,0
3061.301591,6808.394906,3165.50405,52.20476639,0.009921463,52.21776536,4329.334229,-0.515346766,-58.5124977,3.868961932,9628.524414,2.609862791,686218.6612,-3765.97523,4476.698759,-0.513170614,60.49775222,-3.866899956,0.001,1,0,1,0
3062.597053,6809.16856,3165.800701,51.92713877,0.009923041,51.94007889,4331.166289,-0.516404571,-58.58916214,6.767679182,9629.618526,2.609955592,686187.8532,-3692.187473,4477.118287,-0.512640287,60.57452108,-6.7641727,0.001,1,0,1,0
3061.9146,6811.26146,3166.218436,52.20352932,0.009924956,52.21654711,4330.201154,-0.514915153,-58.58592464,2.81265349,9632.578334,2.609003112,686264.7711,-3978.609719,4477.709054,-0.513333898,60.57110751,-2.811107516,0.001,1,0,1,0
3064.51362,6809.893563,3171.123757,53.34607094,0.009927309,53.35909807,4333.876724,-0.513531012,-57.3930117,2.464720854,9630.643836,2.609550276,685963.3061,-4145.972032,4484.646225,-0.512087514,59.37878503,-2.463374016,0.001,1,0,1,0
3060.725806,6810.91403,3167.048663,53.22809227,0.009924377,53.24110467,4328.519945,-0.513081684,-57.42032926,3.065049592,9632.086993,2.609675943,686268.1473,-4251.607349,4478.883172,-0.511290003,59.40609607,-3.063403818,0.001,1,0,1,0
3060.735697,6808.440419,3167.097645,53.20562143,0.009922023,53.21864496,4328.533934,-0.514856072,-57.4917394,2.000885758,9628.588779,2.60984762,686184.4631,-3764.875679,4478.952442,-0.51368747,59.47744467,-1.999775709,0.001,1,0,1,0
3059.100688,6812.151939,3167.514309,54.2464687,0.009925089,54.25949004,4326.221681,-0.514494932,-56.34297662,2.365792786,9633.837661,2.609395993,686345.3234,-3968.243747,4479.541695,-0.513058034,58.32924218,-2.364524649,0.001,1,0,1,0
3060.025863,6810.181099,3168.187552,54.08628641,0.00992387,54.09931781,4327.530077,-0.512817976,-56.56384676,1.207873086,9631.050472,2.609525752,686229.5261,-4224.658723,4480.493804,-0.51208908,58.54998791,-1.207149096,0.001,1,0,1,0
3062.125335,6808.320954,3169.624954,53.76433952,0.009923819,53.77736977,4330.499179,-0.513974064,-56.93155691,1.619235231,9628.41983,2.609500015,686046.8843,-4008.298073,4482.526598,-0.513009613,58.91753288,-1.618314149,0.001,1,0,1,0
3060.963277,6810.086711,3168.318897,53.69684444,0.009924351,53.70987253,4328.85578,-0.513924963,-56.97650827,1.787099994,9630.916987,2.609607668,686188.0459,-4005.460485,4480.679554,-0.512862354,58.96246082,-1.78609637,0.001,1,0,1,0
3060.958365,6809.370557,3168.484303,53.78738199,0.009923741,53.80040807,4328.848833,-0.514867624,-56.87466667,1.961590581,9629.904194,2.609370021,686158.903,-3865.616927,4480.913474,-0.51369738,58.86067268,-1.960509299,0.001,1,0,1,0
3058.974693,6808.599838,3166.73258,53.89827353,0.009921132,53.91129698,4326.043497,-0.515322059,-56.72647899,1.7862392,9628.814232,2.609667549,686262.5576,-3692.174554,4478.436164,-0.514250743,58.71254911,-1.785251256,0.001,1,0,1,0
3059.723782,6809.434475,3167.35415,53.83394374,0.009922588,53.846969,4327.10287,-0.513663969,-56.80876272,1.769990578,9629.994587,2.609637832,686243.9758,-4054.343245,4479.315196,-0.512605402,58.79479444,-1.768996708,0.001,1,0,1,0
6551.521478,6805.273871,6621.091003,0.006646026,0.006662435,0.006664023,9265.250528,-1.60135564,985641.1051,-16564.06283,9624.110604,2.609640912,1021430.309,-4350.155142,9363.636695,0.554203364,993339.3014,20822.79989,1,0,0,0,0
6550.010974,6809.32306,6618.942618,0.006645333,0.006663721,0.006663658,9263.114354,-1.601884449,985509.6732,-16971.23257,9629.837022,2.609819119,1021841.069,-4267.960136,9360.598419,0.554586915,993064.5093,21146.0647,1,0,0,0,0
6548.294721,6808.273083,6620.746396,0.006644132,0.006663194,0.006664453,9260.687205,-1.601690275,985431.7211,-16841.34969,9628.35213,2.609865894,1021763.753,-4401.34565,9363.149347,0.554605697,993216.8833,21138.4908,1,0,0,0,0
6550.00232,6810.017853,6619.324179,0.006645737,0.006664135,0.006663884,9263.102115,-1.601854367,985448.1723,-16983.05691,9630.819608,2.609760507,1021881.696,-4314.337338,9361.138027,0.554719113,993086.7949,21205.35436,1,0,0,0,0
6550.328781,6808.554722,6618.500279,0.006645139,0.006663203,0.006663494,9263.563801,-1.601971254,985586.2623,-16972.64113,9628.750428,2.609875433,1021805.484,-4202.684082,9359.972857,0.554452756,993023.9539,21081.58763,1,0,0,0,0
6550.106271,6809.377475,6619.131441,0.006645381,0.006663874,0.006663805,9263.249124,-1.601853387,985517.0636,-16958.31284,9629.913977,2.609837052,1021825.886,-4267.807054,9360.865455,0.554564437,993071.2188,21132.57086,1,0,0,0,0
6551.167751,6808.984618,6618.847129,0.0066462,0.006663619,0.006663623,9264.750283,-1.601895314,985555.5341,-16952.90142,9629.358392,2.60975513,1021806.125,-4236.323033,9360.463377,0.554558311,993056.3797,21100.68603,1,0,0,0,0
6550.228913,6809.348135,6621.136341,0.006645561,0.00666441,0.006665225,9263.422566,-1.601931693,985510.5997,-16856.32493,9629.872483,2.609679017,1021738.97,-4324.906311,9363.700812,0.554273738,993161.5416,21080.86582,1,0,0,0,0
6549.777572,6810.136661,6618.863864,0.00664468,0.006664665,0.006663911,9262.784274,-1.601915773,985571.2143,-16986.55347,9630.987628,2.609934825,1021818.67,-4207.598605,9360.487043,0.554303939,993015.8848,21097.20178,1,0,0,0,0
6550.258619,6808.222649,6619.674634,0.006645461,0.006663099,0.006664048,9263.464576,-1.601839761,985529.1479,-16899.34471,9628.280806,2.609820278,1021771.332,-4287.836682,9361.633646,0.554571285,993117.3473,21091.82546,1,0,0,0,0
6550.352303,6810.343047,6619.241885,0.006645709,0.006664561,0.006664099,9263.597065,-1.601863836,985504.7611,-16998.23799,9631.279502,2.609872197,1021865.433,-4258.603091,9361.021647,0.554608835,993043.1857,21163.74578,1,0,0,0,0
6549.429363,6809.524011,6619.203046,0.006644388,0.006664371,0.006663895,9262.291831,-1.601830762,985563.129,-16927.81333,9630.12121,2.609911006,1021771.69,-4243.081312,9360.96672,0.55427306,993069.7491,21072.54055,1,0,0,0,0
6551.016011,6809.581383,6617.812017,0.006645861,0.006663885,0.006663099,9264.53569,-1.601923489,985581.6616,-17026.36226,9630.202345,2.609863637,1021855.12,-4177.341227,9358.999508,0.554560819,992978.7652,21116.70935,1,0,0,0,0
6548.953209,6809.111394,6621.632937,0.006644819,0.006664126,0.006665229,9261.618448,-1.601528511,985429.2799,-16821.15509,9629.537682,2.609969701,1021746.736,-4412.625045,9364.403104,0.554684553,993234.3127,21129.45854,1,0,0,0,0
6548.506538,6809.474329,6620.393498,0.006644479,0.006663746,0.006664574,9260.986759,-1.601919143,985410.5272,-16940.58155,9630.050949,2.60979571,1021859.523,-4371.617447,9362.650273,0.554606961,993144.3528,21209.10966,1,0,0,0,0
6551.79109,6808.636797,6617.407492,0.006646011,0.006663429,0.006662862,9265.631817,-1.601823708,985676.5117,-16995.22398,9628.866499,2.610005217,1021783.526,-4110.820137,9358.427424,0.554518914,992955.3975,21020.89354,1,0,0,0,0
6549.385008,6810.700824,6619.993761,0.006645274,0.006664585,0.006664626,9262.229103,-1.601942708,985423.5245,-17011.93358,9631.785474,2.609836734,1021915.225,-4324.160487,9362.084959,0.55467965,993075.9621,21237.39028,1,0,0,0,0
6549.4443,6807.781796,6619.711569,0.006644641,0.006662514,0.006664222,9262.312954,-1.601850323,985527.7939,-16927.46146,9627.657346,2.610025134,1021794.879,-4278.962247,9361.68588,0.554674395,993096.6483,21104.90444,1,0,0,0,0
3078.80582,6810.016205,3149.500209,33.39700015,0.009920578,33.40944212,4354.088946,-0.517925925,-88.17136845,26.91569486,9630.817277,2.6099419,686443.9804,-3634.052941,4454.06591,-0.510185778,90.37578034,-26.81429924,1,1,0,1,0
3072.366456,6809.511756,3155.883304,42.07170412,0.009923306,42.08462733,4344.982311,-0.515927257,-72.45674017,9.107692436,9630.103879,2.61006144,686203.9374,-3722.88928,4463.09297,-0.512602032,74.43455358,-9.101892786,1,1,0,1,0
3068.399176,6808.694066,3159.223758,45.74618396,0.00992216,45.7591076,4339.37173,-0.515827574,-66.56055039,8.286868056,9628.94749,2.609903961,686200.341,-3806.323689,4467.817085,-0.51224962,68.54177631,-8.282008869,1,1,0,1,0
3065.765716,6809.460063,3161.776549,48.41077711,0.009922898,48.42368688,4335.647454,-0.516288241,-62.77249196,8.370831944,9630.030773,2.610039826,686226.9514,-3729.370422,4471.427277,-0.512240523,64.75580155,-8.366212604,1,1,0,1,0
3066.779833,6809.102612,3161.493278,47.52510858,0.009922903,47.53808675,4337.081632,-0.515545099,-64.28490955,5.615106243,9629.525261,2.609876151,686190.371,-3768.305088,4471.02667,-0.512929001,66.26723031,-5.611876562,1,1,0,1,0
3061.301591,6808.394906,3165.50405,52.20476639,0.009921463,52.21776536,4329.334229,-0.515346766,-58.5124977,3.868961932,9628.524414,2.609862791,686218.6612,-3765.97523,4476.698759,-0.513170614,60.49775222,-3.866899956,1,1,0,1,0
3062.597053,6809.16856,3165.800701,51.92713877,0.009923041,51.94007889,4331.166289,-0.516404571,-58.58916214,6.767679182,9629.618526,2.609955592,686187.8532,-3692.187473,4477.118287,-0.512640287,60.57452108,-6.7641727,1,1,0,1,0
3061.9146,6811.26146,3166.218436,52.20352932,0.009924956,52.21654711,4330.201154,-0.514915153,-58.58592464,2.81265349,9632.578334,2.609003112,686264.7711,-3978.609719,4477.709054,-0.513333898,60.57110751,-2.811107516,1,1,0,1,0
3064.51362,6809.893563,3171.123757,53.34607094,0.009927309,53.35909807,4333.876724,-0.513531012,-57.3930117,2.464720854,9630.643836,2.609550276,685963.3061,-4145.972032,4484.646225,-0.512087514,59.37878503,-2.463374016,1,1,0,1,0
3060.725806,6810.91403,3167.048663,53.22809227,0.009924377,53.24110467,4328.519945,-0.513081684,-57.42032926,3.065049592,9632.086993,2.609675943,686268.1473,-4251.607349,4478.883172,-0.511290003,59.40609607,-3.063403818,1,1,0,1,0
3060.735697,6808.440419,3167.097645,53.20562143,0.009922023,53.21864496,4328.533934,-0.514856072,-57.4917394,2.000885758,9628.588779,2.60984762,686184.4631,-3764.875679,4478.952442,-0.51368747,59.47744467,-1.999775709,1,1,0,1,0
3059.100688,6812.151939,3167.514309,54.2464687,0.009925089,54.25949004,4326.221681,-0.514494932,-56.34297662,2.365792786,9633.837661,2.609395993,686345.3234,-3968.243747,4479.541695,-0.513058034,58.32924218,-2.364524649,1,1,0,1,0
3060.025863,6810.181099,3168.187552,54.08628641,0.00992387,54.09931781,4327.530077,-0.512817976,-56.56384676,1.207873086,9631.050472,2.609525752,686229.5261,-4224.658723,4480.493804,-0.51208908,58.54998791,-1.207149096,1,1,0,1,0
3062.125335,6808.320954,3169.624954,53.76433952,0.009923819,53.77736977,4330.499179,-0.513974064,-56.93155691,1.619235231,9628.41983,2.609500015,686046.8843,-4008.298073,4482.526598,-0.513009613,58.91753288,-1.618314149,1,1,0,1,0
3060.963277,6810.086711,3168.318897,53.69684444,0.009924351,53.70987253,4328.85578,-0.513924963,-56.97650827,1.787099994,9630.916987,2.609607668,686188.0459,-4005.460485,4480.679554,-0.512862354,58.96246082,-1.78609637,1,1,0,1,0
3060.958365,6809.370557,3168.484303,53.78738199,0.009923741,53.80040807,4328.848833,-0.514867624,-56.87466667,1.961590581,9629.904194,2.609370021,686158.903,-3865.616927,4480.913474,-0.51369738,58.86067268,-1.960509299,1,1,0,1,0
3058.974693,6808.599838,3166.73258,53.89827353,0.009921132,53.91129698,4326.043497,-0.515322059,-56.72647899,1.7862392,9628.814232,2.609667549,686262.5576,-3692.174554,4478.436164,-0.514250743,58.71254911,-1.785251256,1,1,0,1,0
3059.723782,6809.434475,3167.35415,53.83394374,0.009922588,53.846969,4327.10287,-0.513663969,-56.80876272,1.769990578,9629.994587,2.609637832,686243.9758,-4054.343245,4479.315196,-0.512605402,58.79479444,-1.768996708,1,1,0,1,0
6552.486136,6804.979548,6620.363241,0.00664635,0.006662421,0.006663682,9266.614761,-1.601310968,985738.1617,-16569.54305,9623.694368,2.60975166,1021388.659,-4262.879923,9362.607483,0.554127807,993282.6465,20744.73107,10,0,0,0,0
6550.018806,6809.261265,6620.310856,0.006645456,0.006664036,0.006664558,9263.12543,-1.601775378,985493.8925,-16896.79453,9629.749631,2.609838551,1021783.374,-4318.797229,9362.5334,0.554558326,993136.1995,21118.1945,10,0,0,0,0
6548.518698,6808.833577,6620.264528,0.00664434,0.006663433,0.00666429,9261.003955,-1.601730781,985433.6414,-16897.43591,9629.144788,2.609900833,1021811.47,-4371.953956,9362.467882,0.554670533,993168.1459,21167.249,10,0,0,0,0
6548.882661,6809.598709,6620.065075,0.006645066,0.006663813,0.006664082,9261.518677,-1.601885147,985380.2033,-16930.27606,9630.226848,2.609622351,1021867.892,-4399.628018,9362.185813,0.554660547,993167.8742,21233.06589,10,0,0,0,0
6549.935407,6809.153411,6618.971508,0.00664519,0.006663593,0.006663715,9263.007485,-1.601917963,985519.47,-16970.36769,9629.597102,2.609829778,1021835.306,-4260.698756,9360.639275,0.554550896,993060.5381,21136.69274,10,0,0,0,0
6550.787266,6808.585374,6618.192602,0.006645572,0.006663301,0.006663148,9264.212196,-1.601895744,985591.1591,-16961.69185,9628.793777,2.60982719,1021795.154,-4201.531979,9359.537736,0.554488216,993029.476,21074.05649,10,0,0,0,0
6550.473324,6808.613781,6619.494133,0.006645709,0.006662943,0.006664333,9263.768215,-1.602120627,985523.1925,-16990.25966,9628.83395,2.609793128,1021854.013,-4251.452558,9361.37838,0.554604195,993046.5709,21145.10887,10,0,0,0,0
6549.695339,6808.037829,6619.735447,0.006644997,0.006662823,0.006664093,9262.667977,-1.601745098,985513.0342,-16908.0916,9628.01943,2.609984122,1021785.905,-4298.968895,9361.719648,0.554720107,993119.3798,21108.6629,10,0,0,0,0
6550.129723,6808.607207,6619.80081,0.006645437,0.006663161,0.006664368,9263.28229,-1.601975123,985512.5614,-16946.29207,9628.824653,2.609827507,1021819.582,-4281.098391,9361.812086,0.554592654,993087.8114,21129.70313,10,0,0,0,0
6550.843283,6808.64228,6619.56353,0.006646162,0.006663287,0.006664029,9264.291416,-1.60189611,985512.7342,-16927.04823,9628.874253,2.609729106,1021805.395,-4287.458512,9361.476522,0.554639488,993102.8887,21122.91103,10,0,0,0,0
6550.324127,6809.400816,6618.972227,0.006645471,0.006663877,0.006663793,9263.557218,-1.601754497,985536.3306,-16972.54155,9629.946986,2.609988095,1021829.021,-4244.488185,9360.640292,0.554678961,993049.2057,21123.93244,10,0,0,0,0
6548.573908,6808.942644,6620.882743,0.006644831,0.006663402,0.006664587,9261.082035,-1.601631617,985369.331,-16882.94554,9629.299032,2.609883317,1021832.295,-4434.333556,9363.342169,0.554899135,993215.662,21215.7603,10,0,0,0,0
6550.89305,6809.147697,6619.655466,0.006646322,0.006663758,0.006664049,9264.361796,-1.601889651,985496.5709,-16922.94685,9629.589021,2.609653888,1021809.014,-4301.920776,9361.606539,0.554593521,993113.3564,21134.57722,10,0,0,0,0
6550.593881,6809.264657,6619.031157,0.006645761,0.006663923,0.00666366,9263.938707,-1.601871856,985534.53,-16938.39188,9629.754428,2.609733053,1021801.413,-4261.052266,9360.723632,0.554484707,993078.2235,21108.90678,10,0,0,0,0
6551.844501,6809.659456,6617.754444,0.006646489,0.006664474,0.006662776,9265.707351,-1.601707735,985614.4332,-16953.15257,9630.312758,2.609789127,1021776.493,-4180.162956,9358.918087,0.554472168,993019.6644,21052.66952,10,0,0,0,0
6550.189954,6808.355249,6620.410889,0.006645141,0.006663199,0.006665068,9263.367469,-1.60205873,985565.7949,-16928.23328,9628.46833,2.609915348,1021776.048,-4246.919883,9362.674868,0.554409981,993076.1443,21071.70038,10,0,0,0,0
6550.491006,6808.899372,6619.458055,0.006645783,0.00666366,0.006663857,9263.79322,-1.601822519,985516.1854,-16910.16598,9629.237837,2.609739833,1021786.756,-4291.340113,9361.327357,0.554551637,993112.9312,21109.65098,10,0,0,0,0
6549.629868,6810.089613,6618.42926,0.006644878,0.006664262,0.00666345,9262.575388,-1.602078765,985519.0458,-17017.54326,9630.921092,2.609712167,1021873.384,-4236.705819,9359.872421,0.554345283,993018.1446,21160.55515,10,0,0,0,0
2726.295022,6808.810639,3511.90534,42.50899626,0.009918557,42.52087319,3855.563395,-0.578064338,-56.94767615,29.49918148,9629.112349,2.609905696,686462.6812,-3565.511839,4966.584161,-0.464702196,77.16754156,-29.43963409,10,1,0,1,0
2636.821378,6809.297115,3596.169163,49.51499909,0.00992297,49.52760704,3729.028555,-0.560260933,-50.96435964,15.44390455,9629.80033,2.609981318,686205.3388,-3764.07056,5085.751203,-0.480313317,70.94967415,-15.43589153,10,1,0,1,0
2620.723144,6809.043618,3608.565013,50.013089,0.009922296,50.02594639,3706.262213,-0.543996809,-51.49462821,9.702648349,9629.441832,2.609882681,686226.4243,-3759.529113,5103.281582,-0.492648661,71.47903986,-9.697513646,10,1,0,1,0
2586.473644,6809.508142,3643.356124,53.20893358,0.009923383,53.22186806,3657.826106,-0.537803873,-48.13212836,6.79759272,9630.098768,2.60975946,686197.5003,-3859.740364,5152.483643,-0.496946863,68.11800936,-6.794154909,10,1,0,1,0
2583.87316,6809.18819,3644.707326,53.41800249,0.00992244,53.43093341,3654.148466,-0.538612579,-47.8820568,6.859001958,9629.646286,2.610017831,686231.2195,-3723.468287,5154.394531,-0.497035031,67.86806053,-6.855554031,10,1,0,1,0
2583.980113,6808.449306,3646.525519,53.49586236,0.009922689,53.50879689,3654.299721,-0.538796252,-47.8246686,6.776854438,9628.601347,2.6099375,686139.9713,-3652.293736,5156.965845,-0.497619295,67.81069746,-6.773452938,10,1,0,1,0
2583.043008,6809.949721,3645.741958,53.49393417,0.009923334,53.50687068,3652.974454,-0.538328213,-47.8212219,6.688164355,9630.723254,2.609803659,686246.2047,-3716.176285,5155.857723,-0.497669894,67.80724407,-6.684802893,10,1,0,1,0
2582.819868,6808.900493,3646.836896,53.55361728,0.009922718,53.56655503,3652.658887,-0.537699635,-47.77206589,6.620768135,9629.239422,2.60990328,686182.6637,-3789.885329,5157.406198,-0.497369982,67.75811051,-6.617440289,10,1,0,1,0
2582.418402,6809.45506,3646.402683,53.54825905,0.009922868,53.56119764,3652.091127,-0.537730812,-47.77409845,6.586554695,9630.023699,2.609936623,686228.4001,-3749.856472,5156.792129,-0.497606691,67.76013819,-6.583244194,10,1,0,1,0
2582.502093,6809.123326,3646.783472,53.56319852,0.009922772,53.57613734,3652.209485,-0.537890683,-47.76230736,6.585033412,9629.554555,2.609883145,686201.7264,-3728.230933,5157.330646,-0.497758928,67.7483534,-6.581725294,10,1,0,1,0
2582.343934,6809.60131,3646.470491,53.55425826,0.009923011,53.56719724,3651.985814,-0.537744574,-47.76881822,6.57510874,9630.230526,2.609842572,686233.1917,-3759.603031,5156.888023,-0.497680827,67.75485975,-6.571803717,10,1,0,1,0
2582.973327,6810.249137,3647.354884,53.56550416,0.009924415,53.57844563,3652.87591,-0.537433351,-47.7724391,6.560714183,9631.146693,2.610019973,686201.2738,-3777.228578,5158.138743,-0.497460013,67.75847924,-6.557415584,10,1,0,1,0
2583.069615,6809.389882,3647.405183,53.56396242,0.009923627,53.57690296,3653.012083,-0.537493238,-47.77462807,6.56818503,9629.931523,2.609951418,686169.1664,-3784.44976,5158.209878,-0.497478707,67.76066872,-6.564882726,10,1,0,1,0
2582.676411,6809.820684,3646.914876,53.56114064,0.009923627,53.57408054,3652.456008,-0.538008756,-47.76725079,6.586570151,9630.540769,2.609901135,686213.0292,-3699.059316,5157.516478,-0.497874871,67.75329392,-6.58326187,10,1,0,1,0
2581.963971,6809.179179,3646.240587,53.56167179,0.009922288,53.57460988,3651.448465,-0.537738539,-47.75531787,6.572220888,9629.633543,2.609952313,686240.7884,-3737.639134,5156.56289,-0.497672877,67.74136531,-6.568918728,10,1,0,1,0
2582.22238,6809.462008,3646.52087,53.56249794,0.009922833,53.57543673,3651.81391,-0.537428234,-47.75971833,6.570177911,9630.033524,2.61004249,686231.3634,-3782.74513,5156.95927,-0.49738089,67.74576422,-6.566875057,10,1,0,1,0
2581.964456,6809.073649,3646.340107,53.56591685,0.009922231,53.57885505,3651.449151,-0.537655372,-47.75246559,6.564988722,9629.484302,2.609939302,686234.0149,-3753.550578,5156.703632,-0.497628577,67.73851434,-6.561689752,10,1,0,1,0
2582.723924,6808.860391,3647.074616,53.56428187,0.00992276,53.57722132,3652.523202,-0.537666352,-47.76848971,6.563336537,9629.182709,2.609759758,686175.7638,-3785.957288,5157.742384,-0.497671916,67.75453283,-6.560036832,10,1,0,1,0
6552.563743,6805.042126,6620.29567,0.006646457,0.006662373,0.006663684,9266.724514,-1.601370654,985733.6527,-16585.65154,9623.782867,2.609720018,1021405.328,-4259.165311,9362.511923,0.554133966,993271.911,20757.50119,50,0,0,0,0
6550.006575,6809.394192,6620.681309,0.006645811,0.006663955,0.006664747,9263.108132,-1.601860484,985439.312,-16901.32803,9629.937617,2.609695043,1021815.575,-4363.828989,9363.0573,0.554624861,993162.5201,21168.21394,50,0,0,0,0
6548.363482,6808.950186,6620.627142,0.006644155,0.00666379,0.006664468,9260.784448,-1.601722895,985438.3483,-16858.99434,9629.309698,2.609837932,1021774.083,-4385.953875,9362.980696,0.554509011,993196.6129,21141.44413,50,0,0,0,0
6547.361508,6809.126478,6621.669017,0.006643783,0.006664305,0.006664573,9259.367442,-1.601512545,985344.5838,-16747.59434,9629.559014,2.609650705,1021721.096,-4517.946517,9364.454129,0.554453833,993336.9561,21160.85731,50,0,0,0,0
6548.766702,6809.986302,6619.28366,0.006644838,0.006663979,0.00666363,9261.354686,-1.601701514,985395.7419,-16978.19288,9630.774987,2.609875602,1021900.659,-4362.049698,9361.080725,0.554857913,993117.7631,21245.07779,50,0,0,0,0
6550.494276,6808.601504,6620.109745,0.006645468,0.006663434,0.006664757,9263.797845,-1.601995219,985563.1261,-16926.83779,9628.816588,2.609871656,1021776.891,-4247.692383,9362.248985,0.55443777,993077.2597,21075.00831,50,0,0,0,0
6551.045684,6809.196227,6617.816637,0.00664564,0.006663555,0.006663299,9264.577653,-1.601937509,985618.6255,-17039.18301,9629.657653,2.610013085,1021848.012,-4141.557133,9359.006042,0.554579811,992950.0813,21090.86563,50,0,0,0,0
6550.71567,6808.684899,6618.454996,0.006645857,0.006663361,0.006663083,9264.110944,-1.601754179,985538.5644,-16936.95384,9628.934525,2.609793252,1021800.595,-4257.376076,9359.908817,0.554652218,993077.775,21107.22516,50,0,0,0,0
6550.738244,6809.248043,6619.973381,0.006646334,0.006663968,0.0066641,9264.142869,-1.601507417,985472.0727,-16889.58971,9629.730932,2.609910036,1021791.648,-4338.177963,9362.056138,0.554894281,993153.4559,21137.66454,50,0,0,0,0
6549.953759,6809.245578,6619.785066,0.006645324,0.006663975,0.006664146,9263.033438,-1.601838507,985503.4907,-16910.37845,9629.727445,2.60976935,1021790.384,-4302.991545,9361.78982,0.554481019,993118.7783,21117.76327,50,0,0,0,0
6549.48697,6809.302916,6619.256645,0.006644749,0.006663561,0.006664163,9262.3733,-1.602035829,985516.849,-17002.66373,9629.808534,2.609903835,1021862.662,-4250.137663,9361.042521,0.55452069,993036.1245,21153.11649,50,0,0,0,0
6550.408997,6808.969779,6619.293401,0.006645559,0.006663675,0.006663891,9263.677243,-1.601785258,985536.7158,-16932.59301,9629.337408,2.609885129,1021795.139,-4263.637173,9361.094501,0.554596445,993083.2632,21102.92163,50,0,0,0,0
6549.322709,6809.740062,6619.17634,0.006644601,0.006664014,0.006664065,9262.140999,-1.602047874,985514.1358,-16998.85163,9630.426752,2.609838119,1021858.91,-4252.949024,9360.928952,0.554402938,993038.6879,21152.58403,50,0,0,0,0
6550.6693,6809.551328,6618.705928,0.006645418,0.006664267,0.006663717,9264.045367,-1.60176241,985596.2975,-16965.26325,9630.159842,2.610006992,1021791.914,-4195.417641,9360.263689,0.554488069,993021.7576,21068.32511,50,0,0,0,0
6550.513117,6809.800612,6617.734921,0.006645329,0.006664255,0.006662929,9263.824491,-1.601670003,985585.3481,-17004.27412,9630.512382,2.610055698,1021831.305,-4183.6856,9358.890477,0.55462572,992992.9073,21099.91218,50,0,0,0,0
6550.410724,6809.321322,6621.335866,0.006645779,0.006664487,0.00666529,9263.679686,-1.601641458,985506.0894,-16834.88738,9629.834564,2.609896235,1021723.187,-4338.596405,9363.982983,0.554527754,993181.8275,21074.01956,50,0,0,0,0
6548.863708,6810.262582,6620.757921,0.006644792,0.006664893,0.006664669,9261.491874,-1.601711417,985418.7305,-16881.1619,9631.165707,2.609764486,1021801.885,-4389.549049,9363.165646,0.554489275,993185.6958,21170.46739,50,0,0,0,0
6550.210146,6808.157716,6619.706641,0.006645161,0.006663079,0.006664295,9263.396025,-1.601880566,985566.1291,-16914.28513,9628.188976,2.609937719,1021764.812,-4250.546863,9361.678911,0.554511783,993085.832,21066.29517,50,0,0,0,0
2287.641945,6809.689585,4784.871306,41.693659,0.009917762,41.70239687,3235.214264,-1.250409721,-0.472391897,54.8658288,9630.355366,2.609947374,686606.5444,-3518.048891,6766.829895,-0.187511926,100.7443463,-54.91361136,50,1,0,1,0
1441.439893,6809.275514,5366.605088,47.91649153,0.009922837,47.92811039,2038.503846,-1.347814861,-8.184792344,28.94746935,9629.769781,2.609951886,686212.4929,-3746.442376,7589.5257,-0.314058485,108.1692578,-28.93327541,50,1,0,1,0
1409.522275,6809.146511,5392.99123,48.31648146,0.009922731,48.32816621,1993.365518,-1.355876897,-8.028369257,28.04624361,9629.587344,2.609785912,686206.4591,-3810.47499,7626.841339,-0.317927086,108.0126939,-28.0325226,50,1,0,1,0
1408.996231,6809.715807,5392.972031,48.32343838,0.00992291,48.33512454,1992.621579,-1.356573838,-8.014394051,28.03455053,9630.39245,2.609909514,686251.9457,-3723.803218,7626.814188,-0.318203622,107.9987186,-28.02083919,50,1,0,1,0
1408.699583,6808.783739,5393.117697,48.32414214,0.009921999,48.33582743,1992.202055,-1.356314093,-8.017859231,28.02673311,9629.074307,2.609829994,686220.6706,-3785.142739,7627.02019,-0.318056278,108.0021831,-28.01302422,50,1,0,1,0
1408.848248,6809.367235,5393.313013,48.32779732,0.009922654,48.33948373,1992.412299,-1.356367227,-8.012695728,28.02911607,9629.899495,2.610192389,686234.504,-3722.405605,7627.296409,-0.317948916,107.9970202,-28.01540838,50,1,0,1,0
1408.955788,6809.630263,5393.665059,48.32839621,0.009923217,48.34008317,1992.564384,-1.356425915,-8.018737391,28.02932695,9630.271473,2.609824317,686221.8741,-3754.781199,7627.794277,-0.318193104,108.0030604,-28.01561732,50,1,0,1,0
1408.761281,6809.206178,5394.020376,48.32884274,0.009923032,48.34053006,1992.28931,-1.355868972,-8.027043508,28.02248269,9629.671726,2.610004558,686191.6932,-3795.868376,7628.296771,-0.317896644,108.011363,-28.00877435,50,1,0,1,0
1408.192952,6809.432885,5392.311193,48.32453367,0.009921823,48.33621818,1991.485571,-1.356787669,-8.001353066,28.02030147,9629.992338,2.609904155,686298.3615,-3766.243145,7625.879622,-0.31802733,107.9856808,-28.00659749,50,1,0,1,0
1408.837176,6809.280109,5393.234682,48.32618555,0.009922554,48.33787154,1992.396642,-1.356482289,-8.014823593,28.02928065,9629.77628,2.609890543,686232.4689,-3750.461306,7627.185633,-0.31812925,107.9991481,-28.01557173,50,1,0,1,0
1408.693568,6809.295148,5393.552427,48.32822632,0.009922729,48.33991289,1992.193549,-1.356266769,-8.018127004,28.02396469,9629.797548,2.609950145,686221.7694,-3770.646462,7627.634991,-0.318019286,108.0024496,-28.0102574,50,1,0,1,0
1408.68493,6809.280765,5392.79272,48.32387658,0.009922225,48.33556172,1992.181334,-1.356502821,-8.011080709,28.02852267,9629.777208,2.609912587,686255.2263,-3763.027501,7626.560604,-0.318035339,107.9954067,-28.01481393,50,1,0,1,0
1409.244086,6808.949865,5393.583568,48.32599074,0.009922629,48.33767707,1992.972099,-1.35633507,-8.020892165,28.03642491,9629.309244,2.609926388,686194.1318,-3733.435496,7627.679032,-0.318163064,108.0052158,-28.02271281,50,1,0,1,0
1408.892455,6809.960071,5393.421059,48.32848624,0.009923319,48.34017291,1992.474818,-1.356451331,-8.01326936,28.02947124,9630.737892,2.609959852,686248.1213,-3750.693036,7627.449209,-0.318050389,107.9975942,-28.01576207,50,1,0,1,0
1409.457292,6809.200904,5393.619851,48.32587612,0.009922967,48.3375627,1993.273618,-1.35635848,-8.020718041,28.04113546,9629.664267,2.609975497,686196.1323,-3714.180645,7627.730343,-0.318177558,108.0050422,-28.02742154,50,1,0,1,0
1408.665813,6809.235785,5393.233706,48.3231899,0.009922578,48.33487595,1992.154298,-1.356074075,-8.023027795,28.02512459,9629.713597,2.609873458,686226.0907,-3799.811566,7627.184252,-0.317976318,108.0073491,-28.01141468,50,1,0,1,0
1409.275389,6808.974809,5393.6832,48.32435577,0.009922807,48.33604236,1993.016369,-1.35602091,-8.026929904,28.03639694,9629.344521,2.609990021,686184.2087,-3753.391842,7627.819932,-0.318034386,108.0112515,-28.02268324,50,1,0,1,0
1408.290182,6809.259569,5392.810292,48.32242286,0.009922177,48.33410821,1991.623075,-1.356152074,-8.017358237,28.01914302,9629.747232,2.609899533,686256.1189,-3815.072791,7626.585455,-0.317884658,108.0016806,-28.00543596,50,1,0,1,0
6552.899826,6804.930627,6619.901213,0.0065529,0.006804931,0.006619901,9267.199807,-1.601323627,1000000.003,-0.108539672,9623.625183,2.609795445,1000000.09,0.052529899,9361.954077,0.554073525,999999.9089,0.057040938,0.001,0,0,0,0
6549.8962,6809.237388,6619.439383,0.006549896,0.006809237,0.006619439,9262.952039,-1.601788803,1000000.003,-0.108602074,9629.715863,2.609842903,1000000.09,0.052489581,9361.300951,0.554550621,999999.9089,0.057105,0.001,0,0,0,0
6550.371863,6809.029053,6619.763243,0.006550372,0.006809029,0.006619763,9263.624727,-1.601901422,1000000.003,-0.108594306,9629.421233,2.609791819,1000000.09,0.052495803,9361.758957,0.554595147,999999.9089,0.05710669,0.001,0,0,0,0
6550.218464,6809.491844,6617.394464,0.006550218,0.006809492,0.006617394,9263.407788,-1.601797692,1000000.003,-0.108600152,9630.075719,2.609916808,1000000.09,0.052484754,9358.408998,0.5545595,999999.9089,0.057123173,0.001,0,0,0,0
6550.492756,6808.427547,6618.855299,0.006550493,0.006808428,0.006618855,9263.795696,-1.601737236,1000000.003,-0.108591293,9628.570576,2.609853774,1000000.09,0.052496427,9360.474931,0.554509441,999999.9089,0.057103708,0.001,0,0,0,0
6549.785217,6809.986332,6619.851915,0.006549785,0.006809986,0.006619852,9262.795085,-1.601773439,1000000.003,-0.108605526,9630.77503,2.609866224,1000000.09,0.052480271,9361.884359,0.554752463,999999.9089,0.057122784,0.001,0,0,0,0
6550.016413,6808.415689,6619.419001,0.006550016,0.006808416,0.006619419,9263.122045,-1.601985297,1000000.003,-0.108599657,9628.553805,2.609906053,1000000.09,0.052492807,9361.272126,0.554356748,999999.9089,0.057085101,0.001,0,0,0,0
6549.286656,6808.952467,6618.559808,0.006549287,0.006808952,0.00661856,9262.090013,-1.601905909,1000000.003,-0.108613396,9629.312924,2.609738469,1000000.09,0.052500946,9360.057044,0.554577844,999999.9089,0.057116868,0.001,0,0,0,0
6549.003789,6809.158752,6620.366066,0.006549004,0.006809159,0.006620366,9261.689978,-1.602105229,1000000.003,-0.108617179,9629.604655,2.60976879,1000000.09,0.052495512,9362.611478,0.554492718,999999.9089,0.057094258,0.001,0,0,0,0
6550.510923,6809.362425,6618.407485,0.006550511,0.006809362,0.006618407,9263.821388,-1.601820406,1000000.003,-0.108593946,9629.892692,2.609759277,1000000.09,0.052496989,9359.841627,0.554689053,999999.9089,0.057127863,0.001,0,0,0,0
6550.103957,6807.760769,6620.411122,0.006550104,0.006807761,0.006620411,9263.24585,-1.60205889,1000000.003,-0.108598013,9627.627609,2.60986635,1000000.09,0.052498899,9362.675198,0.554646447,999999.9089,0.057105431,0.001,0,0,0,0
6552.120091,6812.792688,6619.847495,0.00655212,0.006812793,0.006619847,9266.097095,-1.601919114,1000000.003,-0.108567732,9634.743817,2.608975572,1000000.09,0.052533419,9361.878108,0.554848816,999999.909,0.057138433,0.001,0,0,0,0
6549.162435,6807.649521,6618.985424,0.006549162,0.00680765,0.006618985,9261.914338,-1.602099725,1000000.003,-0.108612837,9627.470281,2.609985124,1000000.09,0.052493748,9360.658955,0.554048389,999999.9089,0.057057962,0.001,0,0,0,0
6551.234097,6809.873679,6618.756961,0.006551234,0.006809874,0.006618757,9264.844111,-1.601616164,1000000.003,-0.10858071,9630.615715,2.609791478,1000000.09,0.052490135,9360.33586,0.554658175,999999.9089,0.057120227,0.001,0,0,0,0
6550.164605,6808.838359,6621.446319,0.006550165,0.006808838,0.006621446,9263.331619,-1.601893111,1000000.003,-0.108595671,9629.151551,2.609828525,1000000.09,0.052491665,9364.139186,0.55463166,999999.909,0.057095648,0.001,0,0,0,0
6547.30033,6808.608958,6620.13086,0.0065473,0.006808609,0.006620131,9259.280923,-1.601920124,1000000.003,-0.108642945,9628.827129,2.609713473,1000000.09,0.052501812,9362.278847,0.554413423,999999.9089,0.057088935,0.001,0,0,0,0
6550.217806,6810.030989,6618.608973,0.006550218,0.006810031,0.006618609,9263.406858,-1.601880373,1000000.003,-0.108600023,9630.838185,2.609889297,1000000.09,0.052481432,9360.126574,0.554599315,999999.9089,0.057118022,0.001,0,0,0,0
6553.032625,6807.693837,6617.766212,0.006553033,0.006807694,0.006617766,9267.387612,-1.601873443,1000000.003,-0.108551395,9627.532953,2.609923004,1000000.09,0.052501467,9358.934729,0.554591314,999999.9089,0.057117617,0.001,0,0,0,0
51.21743572,7751.29108,8125.496128,50.13415635,0.007751159,0.008125984,72.43239223,-2.643786507,1.021594355,-0.005204328,10961.98097,2.340143137,1000017.1,62.45332047,11491.18683,0.733059527,999939.8756,14.14179137,0.001,1,0,0,1
44.57201023,7721.50249,8036.179383,44.13077885,0.007721279,0.008036571,63.03434137,-2.892301076,1.009998269,-2.34E-06,10919.85354,2.351553588,1000029.037,49.32728948,11364.87387,0.72621116,999951.1581,25.27393598,0.001,1,0,0,1
44.1352203,7681.52518,8045.96492,43.69830468,0.007681271,0.008046337,62.41662713,-2.978549503,1.009998457,-2.40E-06,10863.31709,2.355228089,1000033.191,46.31145311,11378.71271,0.716728826,999953.748,28.62253621,0.001,1,0,0,1
44.38311005,7685.395504,8080.753714,43.94373501,0.00768512,0.008081115,62.76719618,-3.033139192,1.009998582,-2.41E-06,10868.79055,2.355306096,1000035.851,44.65959293,11427.9115,0.713978425,999955.2321,31.01708262,0.001,1,0,0,1
44.73852286,7665.311668,8070.505731,44.2956278,0.00766503,0.008070866,63.26982579,-3.045104089,1.009998618,-2.39E-06,10840.38772,2.357508204,1000036.867,44.61788717,11413.41866,0.715794557,999955.2516,31.92358422,0.001,1,0,0,1
44.64744375,7664.668811,8059.852197,44.20545025,0.007664388,0.008060211,63.14102048,-3.045496559,1.00999862,-2.40E-06,10839.47858,2.355611347,1000036.729,44.58621925,11398.35229,0.7182293,999955.3739,32.02713773,0.001,1,0,0,1
44.61540199,7666.532168,8037.852932,44.1737251,0.00766625,0.008038211,63.09570658,-3.047797079,1.009998634,-2.40E-06,10842.11377,2.356719059,1000036.845,44.41832202,11367.24063,0.72053187,999955.4318,32.29717103,0.001,1,0,0,1
44.64085894,7663.984203,8037.756581,44.19893006,0.007663702,0.008038115,63.13170815,-3.050183686,1.009998633,-2.40E-06,10838.5104,2.355615238,1000036.935,44.41124144,11367.10437,0.716149855,999955.3414,32.22671886,0.001,1,0,0,1
44.62444051,7669.07831,8043.970203,44.18267406,0.007668795,0.008044328,63.10848898,-3.050723303,1.009998635,-2.40E-06,10845.71456,2.356170268,1000036.945,44.32505762,11375.89176,0.716813256,999955.431,32.24363075,0.001,1,0,0,1
44.63169511,7665.134259,8051.115102,44.18985692,0.007664851,0.008051473,63.11874853,-3.050936184,1.009998634,-2.40E-06,10840.13683,2.356435906,1000036.992,44.33738172,11385.99617,0.716099929,999955.4472,32.19792877,0.001,1,0,0,1
44.63257568,7666.225666,8044.394073,44.19072861,0.007665943,0.008044752,63.11999385,-3.05130111,1.009998637,-2.40E-06,10841.68031,2.356072004,1000036.987,44.33193571,11376.4912,0.718028124,999955.483,32.32762725,0.001,1,0,0,1
44.6380906,7662.442397,8040.73342,44.19618892,0.007662159,0.008041091,63.12779313,-3.051066347,1.009998638,-2.40E-06,10836.32996,2.356372469,1000037.013,44.35685821,11371.31425,0.718445802,999955.4632,32.35449069,0.001,1,0,0,1
44.63347014,7664.704105,8038.619812,44.19161424,0.007664421,0.008038978,63.12125881,-3.051021579,1.009998637,-2.40E-06,10839.5285,2.355982217,1000036.979,44.35527042,11368.32516,0.717408695,999955.4211,32.31144083,0.001,1,0,0,1
44.63145725,7666.462996,8034.428885,44.18962124,0.00766618,0.008034787,63.11841215,-3.051066291,1.009998638,-2.40E-06,10842.01594,2.356044061,1000036.973,44.33916599,11362.39829,0.717085168,999955.3909,32.314399,0.001,1,0,0,1
44.6349,7665.249133,8039.317694,44.19302996,0.007664966,0.008039676,63.12328093,-3.051149329,1.009998636,-2.40E-06,10840.29928,2.355900161,1000036.979,44.3518541,11369.31211,0.716846283,999955.4095,32.29027845,0.001,1,0,0,1
44.63106838,7667.237061,8040.697464,44.1892362,0.007666954,0.008041055,63.1178622,-3.051664435,1.009998638,-2.40E-06,10843.11064,2.356008204,1000036.994,44.31354552,11371.2634,0.717028444,999955.4435,32.31302233,0.001,1,0,0,1
44.63760915,7664.135284,8042.210127,44.19571227,0.007663852,0.008042568,63.12711225,-3.051073096,1.009998637,-2.40E-06,10838.72406,2.356325013,1000037.002,44.34808702,11373.40263,0.71756154,999955.4435,32.30910945,0.001,1,0,0,1
44.63478385,7665.611853,8040.430498,44.19291493,0.007665329,0.008040788,63.12311668,-3.051271357,1.009998637,-2.40E-06,10840.81225,2.355959324,1000036.986,44.34294718,11370.88586,0.717488347,999955.4405,32.31978212,0.001,1,0,0,1
6552.899826,6804.930627,6619.901213,0.0065529,0.006804931,0.006619901,9267.199807,-1.601323627,1000000.003,-0.108539672,9623.625183,2.609795445,1000000.09,0.052529899,9361.954077,0.554073525,999999.9089,0.057040938,1,0,0,0,0
6549.8962,6809.237388,6619.439383,0.006549896,0.006809237,0.006619439,9262.952039,-1.601788803,1000000.003,-0.108602074,9629.715863,2.609842903,1000000.09,0.052489581,9361.300951,0.554550621,999999.9089,0.057105,1,0,0,0,0
6550.371863,6809.029053,6619.763243,0.006550372,0.006809029,0.006619763,9263.624727,-1.601901422,1000000.003,-0.108594306,9629.421233,2.609791819,1000000.09,0.052495803,9361.758957,0.554595147,999999.9089,0.05710669,1,0,0,0,0
6550.218464,6809.491844,6617.394464,0.006550218,0.006809492,0.006617394,9263.407788,-1.601797692,1000000.003,-0.108600152,9630.075719,2.609916808,1000000.09,0.052484754,9358.408998,0.5545595,999999.9089,0.057123173,1,0,0,0,0
6550.492756,6808.427547,6618.855299,0.006550493,0.006808428,0.006618855,9263.795696,-1.601737236,1000000.003,-0.108591293,9628.570576,2.609853774,1000000.09,0.052496427,9360.474931,0.554509441,999999.9089,0.057103708,1,0,0,0,0
6549.785217,6809.986332,6619.851915,0.006549785,0.006809986,0.006619852,9262.795085,-1.601773439,1000000.003,-0.108605526,9630.77503,2.609866224,1000000.09,0.052480271,9361.884359,0.554752463,999999.9089,0.057122784,1,0,0,0,0
6550.016413,6808.415689,6619.419001,0.006550016,0.006808416,0.006619419,9263.122045,-1.601985297,1000000.003,-0.108599657,9628.553805,2.609906053,1000000.09,0.052492807,9361.272126,0.554356748,999999.9089,0.057085101,1,0,0,0,0
6549.286656,6808.952467,6618.559808,0.006549287,0.006808952,0.00661856,9262.090013,-1.601905909,1000000.003,-0.108613396,9629.312924,2.609738469,1000000.09,0.052500946,9360.057044,0.554577844,999999.9089,0.057116868,1,0,0,0,0
6549.003789,6809.158752,6620.366066,0.006549004,0.006809159,0.006620366,9261.689978,-1.602105229,1000000.003,-0.108617179,9629.604655,2.60976879,1000000.09,0.052495512,9362.611478,0.554492718,999999.9089,0.057094258,1,0,0,0,0
6550.510923,6809.362425,6618.407485,0.006550511,0.006809362,0.006618407,9263.821388,-1.601820406,1000000.003,-0.108593946,9629.892692,2.609759277,1000000.09,0.052496989,9359.841627,0.554689053,999999.9089,0.057127863,1,0,0,0,0
6550.103957,6807.760769,6620.411122,0.006550104,0.006807761,0.006620411,9263.24585,-1.60205889,1000000.003,-0.108598013,9627.627609,2.60986635,1000000.09,0.052498899,9362.675198,0.554646447,999999.9089,0.057105431,1,0,0,0,0
6552.120091,6812.792688,6619.847495,0.00655212,0.006812793,0.006619847,9266.097095,-1.601919114,1000000.003,-0.108567732,9634.743817,2.608975572,1000000.09,0.052533419,9361.878108,0.554848816,999999.909,0.057138433,1,0,0,0,0
6549.162435,6807.649521,6618.985424,0.006549162,0.00680765,0.006618985,9261.914338,-1.602099725,1000000.003,-0.108612837,9627.470281,2.609985124,1000000.09,0.052493748,9360.658955,0.554048389,999999.9089,0.057057962,1,0,0,0,0
6551.234097,6809.873679,6618.756961,0.006551234,0.006809874,0.006618757,9264.844111,-1.601616164,1000000.003,-0.10858071,9630.615715,2.609791478,1000000.09,0.052490135,9360.33586,0.554658175,999999.9089,0.057120227,1,0,0,0,0
6550.164605,6808.838359,6621.446319,0.006550165,0.006808838,0.006621446,9263.331619,-1.601893111,1000000.003,-0.108595671,9629.151551,2.609828525,1000000.09,0.052491665,9364.139186,0.55463166,999999.909,0.057095648,1,0,0,0,0
6547.30033,6808.608958,6620.13086,0.0065473,0.006808609,0.006620131,9259.280923,-1.601920124,1000000.003,-0.108642945,9628.827129,2.609713473,1000000.09,0.052501812,9362.278847,0.554413423,999999.9089,0.057088935,1,0,0,0,0
6550.217806,6810.030989,6618.608973,0.006550218,0.006810031,0.006618609,9263.406858,-1.601880373,1000000.003,-0.108600023,9630.838185,2.609889297,1000000.09,0.052481432,9360.126574,0.554599315,999999.9089,0.057118022,1,0,0,0,0
6553.032625,6807.693837,6617.766212,0.006553033,0.006807694,0.006617766,9267.387612,-1.601873443,1000000.003,-0.108551395,9627.532953,2.609923004,1000000.09,0.052501467,9358.934729,0.554591314,999999.9089,0.057117617,1,0,0,0,0
51.21743572,7751.29108,8125.496128,50.13415635,0.007751159,0.008125984,72.43239223,-2.643786507,1.021594355,-0.005204328,10961.98097,2.340143137,1000017.1,62.45332047,11491.18683,0.733059527,999939.8756,14.14179137,1,1,0,0,1
44.57201023,7721.50249,8036.179383,44.13077885,0.007721279,0.008036571,63.03434137,-2.892301076,1.009998269,-2.34E-06,10919.85354,2.351553588,1000029.037,49.32728948,11364.87387,0.72621116,999951.1581,25.27393598,1,1,0,0,1
44.1352203,7681.52518,8045.96492,43.69830468,0.007681271,0.008046337,62.41662713,-2.978549503,1.009998457,-2.40E-06,10863.31709,2.355228089,1000033.191,46.31145311,11378.71271,0.716728826,999953.748,28.62253621,1,1,0,0,1
44.38311005,7685.395504,8080.753714,43.94373501,0.00768512,0.008081115,62.76719618,-3.033139192,1.009998582,-2.41E-06,10868.79055,2.355306096,1000035.851,44.65959293,11427.9115,0.713978425,999955.2321,31.01708262,1,1,0,0,1
44.73852286,7665.311668,8070.505731,44.2956278,0.00766503,0.008070866,63.26982579,-3.045104089,1.009998618,-2.39E-06,10840.38772,2.357508204,1000036.867,44.61788717,11413.41866,0.715794557,999955.2516,31.92358422,1,1,0,0,1
44.64744375,7664.668811,8059.852197,44.20545025,0.007664388,0.008060211,63.14102048,-3.045496559,1.00999862,-2.40E-06,10839.47858,2.355611347,1000036.729,44.58621925,11398.35229,0.7182293,999955.3739,32.02713773,1,1,0,0,1
44.61540199,7666.532168,8037.852932,44.1737251,0.00766625,0.008038211,63.09570658,-3.047797079,1.009998634,-2.40E-06,10842.11377,2.356719059,1000036.845,44.41832202,11367.24063,0.72053187,999955.4318,32.29717103,1,1,0,0,1
44.64085894,7663.984203,8037.756581,44.19893006,0.007663702,0.008038115,63.13170815,-3.050183686,1.009998633,-2.40E-06,10838.5104,2.355615238,1000036.935,44.41124144,11367.10437,0.716149855,999955.3414,32.22671886,1,1,0,0,1
44.62444051,7669.07831,8043.970203,44.18267406,0.007668795,0.008044328,63.10848898,-3.050723303,1.009998635,-2.40E-06,10845.71456,2.356170268,1000036.945,44.32505762,11375.89176,0.716813256,999955.431,32.24363075,1,1,0,0,1
44.63169511,7665.134259,8051.115102,44.18985692,0.007664851,0.008051473,63.11874853,-3.050936184,1.009998634,-2.40E-06,10840.13683,2.356435906,1000036.992,44.33738172,11385.99617,0.716099929,999955.4472,32.19792877,1,1,0,0,1
44.63257568,7666.225666,8044.394073,44.19072861,0.007665943,0.008044752,63.11999385,-3.05130111,1.009998637,-2.40E-06,10841.68031,2.356072004,1000036.987,44.33193571,11376.4912,0.718028124,999955.483,32.32762725,1,1,0,0,1
44.6380906,7662.442397,8040.73342,44.19618892,0.007662159,0.008041091,63.12779313,-3.051066347,1.009998638,-2.40E-06,10836.32996,2.356372469,1000037.013,44.35685821,11371.31425,0.718445802,999955.4632,32.35449069,1,1,0,0,1
44.63347014,7664.704105,8038.619812,44.19161424,0.007664421,0.008038978,63.12125881,-3.051021579,1.009998637,-2.40E-06,10839.5285,2.355982217,1000036.979,44.35527042,11368.32516,0.717408695,999955.4211,32.31144083,1,1,0,0,1
44.63145725,7666.462996,8034.428885,44.18962124,0.00766618,0.008034787,63.11841215,-3.051066291,1.009998638,-2.40E-06,10842.01594,2.356044061,1000036.973,44.33916599,11362.39829,0.717085168,999955.3909,32.314399,1,1,0,0,1
44.6349,7665.249133,8039.317694,44.19302996,0.007664966,0.008039676,63.12328093,-3.051149329,1.009998636,-2.40E-06,10840.29928,2.355900161,1000036.979,44.3518541,11369.31211,0.716846283,999955.4095,32.29027845,1,1,0,0,1
44.63106838,7667.237061,8040.697464,44.1892362,0.007666954,0.008041055,63.1178622,-3.051664435,1.009998638,-2.40E-06,10843.11064,2.356008204,1000036.994,44.31354552,11371.2634,0.717028444,999955.4435,32.31302233,1,1,0,0,1
44.63760915,7664.135284,8042.210127,44.19571227,0.007663852,0.008042568,63.12711225,-3.051073096,1.009998637,-2.40E-06,10838.72406,2.356325013,1000037.002,44.34808702,11373.40263,0.71756154,999955.4435,32.30910945,1,1,0,0,1
44.63478385,7665.611853,8040.430498,44.19291493,0.007665329,0.008040788,63.12311668,-3.051271357,1.009998637,-2.40E-06,10840.81225,2.355959324,1000036.986,44.34294718,11370.88586,0.717488347,999955.4405,32.31978212,1,1,0,0,1
6552.486136,6804.979548,6620.363241,0.00664635,0.006662421,0.006663682,9266.614761,-1.601310968,985738.1617,-16569.54305,9623.694368,2.60975166,1021388.659,-4262.879923,9362.607483,0.554127807,993282.6465,20744.73107,10,0,0,0,0
6550.018806,6809.261265,6620.310856,0.006645456,0.006664036,0.006664558,9263.12543,-1.601775378,985493.8925,-16896.79453,9629.749631,2.609838551,1021783.374,-4318.797229,9362.5334,0.554558326,993136.1995,21118.1945,10,0,0,0,0
6548.518698,6808.833577,6620.264528,0.00664434,0.006663433,0.00666429,9261.003955,-1.601730781,985433.6414,-16897.43591,9629.144788,2.609900833,1021811.47,-4371.953956,9362.467882,0.554670533,993168.1459,21167.249,10,0,0,0,0
6548.882661,6809.598709,6620.065075,0.006645066,0.006663813,0.006664082,9261.518677,-1.601885147,985380.2033,-16930.27606,9630.226848,2.609622351,1021867.892,-4399.628018,9362.185813,0.554660547,993167.8742,21233.06589,10,0,0,0,0
6549.935407,6809.153411,6618.971508,0.00664519,0.006663593,0.006663715,9263.007485,-1.601917963,985519.47,-16970.36769,9629.597102,2.609829778,1021835.306,-4260.698756,9360.639275,0.554550896,993060.5381,21136.69274,10,0,0,0,0
6550.787266,6808.585374,6618.192602,0.006645572,0.006663301,0.006663148,9264.212196,-1.601895744,985591.1591,-16961.69185,9628.793777,2.60982719,1021795.154,-4201.531979,9359.537736,0.554488216,993029.476,21074.05649,10,0,0,0,0
6550.473324,6808.613781,6619.494133,0.006645709,0.006662943,0.006664333,9263.768215,-1.602120627,985523.1925,-16990.25966,9628.83395,2.609793128,1021854.013,-4251.452558,9361.37838,0.554604195,993046.5709,21145.10887,10,0,0,0,0
6549.695339,6808.037829,6619.735447,0.006644997,0.006662823,0.006664093,9262.667977,-1.601745098,985513.0342,-16908.0916,9628.01943,2.609984122,1021785.905,-4298.968895,9361.719648,0.554720107,993119.3798,21108.6629,10,0,0,0,0
6550.129723,6808.607207,6619.80081,0.006645437,0.006663161,0.006664368,9263.28229,-1.601975123,985512.5614,-16946.29207,9628.824653,2.609827507,1021819.582,-4281.098391,9361.812086,0.554592654,993087.8114,21129.70313,10,0,0,0,0
6550.843283,6808.64228,6619.56353,0.006646162,0.006663287,0.006664029,9264.291416,-1.60189611,985512.7342,-16927.04823,9628.874253,2.609729106,1021805.395,-4287.458512,9361.476522,0.554639488,993102.8887,21122.91103,10,0,0,0,0
6550.324127,6809.400816,6618.972227,0.006645471,0.006663877,0.006663793,9263.557218,-1.601754497,985536.3306,-16972.54155,9629.946986,2.609988095,1021829.021,-4244.488185,9360.640292,0.554678961,993049.2057,21123.93244,10,0,0,0,0
6548.573908,6808.942644,6620.882743,0.006644831,0.006663402,0.006664587,9261.082035,-1.601631617,985369.331,-16882.94554,9629.299032,2.609883317,1021832.295,-4434.333556,9363.342169,0.554899135,993215.662,21215.7603,10,0,0,0,0
6550.89305,6809.147697,6619.655466,0.006646322,0.006663758,0.006664049,9264.361796,-1.601889651,985496.5709,-16922.94685,9629.589021,2.609653888,1021809.014,-4301.920776,9361.606539,0.554593521,993113.3564,21134.57722,10,0,0,0,0
6550.593881,6809.264657,6619.031157,0.006645761,0.006663923,0.00666366,9263.938707,-1.601871856,985534.53,-16938.39188,9629.754428,2.609733053,1021801.413,-4261.052266,9360.723632,0.554484707,993078.2235,21108.90678,10,0,0,0,0
6551.844501,6809.659456,6617.754444,0.006646489,0.006664474,0.006662776,9265.707351,-1.601707735,985614.4332,-16953.15257,9630.312758,2.609789127,1021776.493,-4180.162956,9358.918087,0.554472168,993019.6644,21052.66952,10,0,0,0,0
6550.189954,6808.355249,6620.410889,0.006645141,0.006663199,0.006665068,9263.367469,-1.60205873,985565.7949,-16928.23328,9628.46833,2.609915348,1021776.048,-4246.919883,9362.674868,0.554409981,993076.1443,21071.70038,10,0,0,0,0
6550.491006,6808.899372,6619.458055,0.006645783,0.00666366,0.006663857,9263.79322,-1.601822519,985516.1854,-16910.16598,9629.237837,2.609739833,1021786.756,-4291.340113,9361.327357,0.554551637,993112.9312,21109.65098,10,0,0,0,0
6549.629868,6810.089613,6618.42926,0.006644878,0.006664262,0.00666345,9262.575388,-1.602078765,985519.0458,-17017.54326,9630.921092,2.609712167,1021873.384,-4236.705819,9359.872421,0.554345283,993018.1446,21160.55515,10,0,0,0,0
6631.435328,3904.377086,2860.920166,0.010012723,52.95655468,52.94335355,9378.265779,-1.584836853,662300.8634,130.4549672,5521.623028,1.579844056,72.93807957,-10.76308568,4045.9521,1.523866714,-52.93292773,10.86939305,10,1,0,0,1
6519.735184,4021.022821,2976.358371,0.010014793,52.79934025,52.78592678,9220.29792,-1.536558905,650915.448,11124.42126,5686.585009,1.574929422,75.56118116,-9.505201341,4209.206374,1.530633667,-55.57774874,9.509632276,10,1,0,0,1
6594.006103,3952.183411,2898.749452,0.010016683,53.11643299,53.10313916,9325.332862,-1.612745988,658232.5155,-9588.061229,5589.23138,1.588468483,73.95724959,-8.159898565,4099.450789,1.54826567,-53.97315641,8.164325717,10,1,0,0,1
6559.780116,3976.855096,2920.655656,0.010007237,53.29890308,53.28554948,9276.930006,-1.554211454,655486.7348,4700.977115,5624.122412,1.584331071,74.11981673,-8.575070746,4130.43084,1.54237345,-54.13582015,8.579203383,10,1,0,0,1
6565.406151,3976.957329,2917.410549,0.01001156,53.53611043,53.52277901,9284.886421,-1.575101351,655778.7194,2230.628592,5624.266991,1.575654125,73.72521175,-9.106608604,4125.841565,1.530647086,-53.74097129,9.111067658,10,1,0,0,1
6584.79183,3973.364993,2911.863318,0.010026631,53.53933344,53.52597727,9312.301911,-1.570965109,656730.25,-14.21451562,5619.186661,1.588048651,73.75046711,-8.281171762,4117.996597,1.547003262,-53.766306,8.285305527,10,1,0,0,1
6603.856752,3967.519692,2906.779338,0.01004005,53.57018361,53.55682925,9339.263782,-1.572952245,657748.8894,1812.882032,5610.920157,1.579234803,73.53039367,-8.858566113,4110.806762,1.535133472,-53.54613572,8.862920709,10,1,0,0,1
6576.338921,3988.563618,2928.253652,0.010033735,53.55773324,53.54436436,9300.347692,-1.571075214,655418.6834,2332.862107,5640.680762,1.578896298,73.92712956,-8.993996288,4141.176029,1.534704154,-53.9429863,8.998406147,10,1,0,0,1
6552.706591,3971.990637,2910.884358,0.009993174,53.57195682,53.55863905,9266.926532,-1.568083713,655714.3445,2268.640654,5617.243028,1.581793841,73.62735882,-8.729859027,4116.612138,1.538441057,-53.64309318,8.734122084,10,1,0,0,1
6568.516181,3989.892746,2929.314745,0.010027175,53.55926494,53.54590058,9289.284667,-1.571906003,655069.0136,1801.497763,5642.560434,1.580208531,73.96172388,-8.896930101,4142.676641,1.536521489,-53.97758771,8.901308595,10,1,0,0,1
6565.701841,3979.313864,2918.343568,0.01001359,53.56801175,53.55466844,9285.30459,-1.570024985,655676.3234,1917.372934,5627.599636,1.58142625,73.76524993,-8.774295745,4127.161054,1.538050488,-53.78104556,8.778601543,10,1,0,0,1
6560.814885,3985.098965,2924.405169,0.010014574,53.5708783,53.55753098,9278.393391,-1.570663755,655122.9463,2224.280886,5635.781004,1.579705039,73.85129389,-8.930346612,4135.733453,1.535708223,-53.86710609,8.934720544,10,1,0,0,1
6563.325337,3981.690117,2921.849738,0.010014141,53.52164479,53.50830058,9281.943705,-1.570391825,655402.9564,1915.381674,5630.960165,1.581232836,73.86218127,-8.8796309,4132.119526,1.537490777,-53.87800893,8.883993274,10,1,0,0,1
6560.266927,3981.905689,2920.817756,0.010010652,53.58448853,53.57114727,9277.618461,-1.570354446,655325.1463,2141.736638,5631.265029,1.580286604,73.7799158,-8.866655178,4130.660084,1.536492725,-53.79570277,8.870997211,10,1,0,0,1
6561.655641,3984.217564,2923.425774,0.010014527,53.56532102,53.55197329,9279.582399,-1.571056849,655210.8941,1933.988627,5634.534515,1.580414572,73.85324137,-8.841020274,4134.348378,1.53684289,-53.86906085,8.845360407,10,1,0,0,1
6561.201438,3982.452447,2921.456537,0.010012192,53.57718629,53.56384265,9278.94006,-1.570422719,655317.9588,2046.974886,5632.038263,1.580586535,73.80272814,-8.847215975,4131.563457,1.536916197,-53.81852667,8.85155298,10,1,0,0,1
6561.904276,3984.98571,2924.319818,0.010015609,53.55962666,53.54627734,9279.934022,-1.57061874,655165.0239,1895.004016,5635.620836,1.581032,73.87460842,-8.849719966,4135.612748,1.537448438,-53.89043606,8.854066766,10,1,0,0,1
6560.200603,3980.940992,2920.240045,0.010009827,53.5637718,53.55043227,9277.524665,-1.570553047,655372.8846,2029.918466,5629.900741,1.580559281,73.79172695,-8.858302319,4129.843077,1.536821263,-53.80752095,8.862645187,10,1,0,0,1
6552.543724,6804.745599,6620.545529,0.006552544,0.006804746,0.006620546,9266.696202,-1.60122882,1000000.003,-0.108543604,9623.363514,2.609791368,1000000.09,0.052529908,9362.865277,0.554035075,999999.9089,0.057031566,50,0,0,0,0
6551.211808,6809.720381,6620.73081,0.006551212,0.00680972,0.006620731,9264.812589,-1.601616715,1000000.003,-0.108575468,9630.398918,2.609659942,1000000.09,0.052500948,9363.127305,0.554251489,999999.9089,0.057062917,50,0,0,0,0
6547.918792,6808.964354,6622.594749,0.006547919,0.006808964,0.006622595,9260.155561,-1.601734367,1000000.003,-0.108630985,9629.329736,2.609737904,1000000.09,0.052491913,9365.763312,0.554798832,999999.909,0.057105556,50,0,0,0,0
6548.648372,6808.86565,6619.452937,0.006548648,0.006808866,0.006619453,9261.187344,-1.601964048,1000000.003,-0.108622733,9629.190147,2.609934745,1000000.09,0.052485091,9361.320119,0.554323578,999999.9089,0.057083888,50,0,0,0,0
6551.163025,6809.10872,6617.838732,0.006551163,0.006809109,0.006617839,9264.743599,-1.601780394,1000000.003,-0.108582518,9629.533899,2.609773916,1000000.09,0.052499638,9359.037289,0.554542939,999999.9089,0.057116914,50,0,0,0,0
6551.245789,6809.081144,6618.655448,0.006551246,0.006809081,0.006618655,9264.860645,-1.602053085,1000000.003,-0.108583165,9629.494902,2.60991096,1000000.09,0.052488782,9360.192299,0.554622533,999999.9089,0.057118607,50,0,0,0,0
6548.576623,6809.302782,6620.356043,0.006548577,0.006809303,0.006620356,9261.085875,-1.601664307,1000000.003,-0.108623538,9629.808345,2.609957147,1000000.09,0.052475464,9362.597304,0.554722642,999999.909,0.057115359,50,0,0,0,0
6549.754465,6808.75268,6619.377129,0.006549754,0.006808753,0.006619377,9262.751595,-1.601782681,1000000.003,-0.108604577,9629.030383,2.609930227,1000000.09,0.052485735,9361.21291,0.554605291,999999.9089,0.057110503,50,0,0,0,0
6549.84785,6808.774369,6619.988852,0.006549848,0.006808774,0.006619989,9262.88366,-1.601894711,1000000.003,-0.108601858,9629.061055,2.609791912,1000000.09,0.052496965,9362.078018,0.554508628,999999.9089,0.057096643,50,0,0,0,0
6550.380614,6809.014488,6619.910163,0.006550381,0.006809014,0.00661991,9263.637102,-1.601547117,1000000.003,-0.108590942,9629.400635,2.609749625,1000000.09,0.052497514,9361.966734,0.554548383,999999.9089,0.057099292,50,0,0,0,0
6548.214436,6808.540162,6623.17248,0.006548214,0.00680854,0.006623172,9260.573665,-1.601603332,1000000.003,-0.108622291,9628.729837,2.609844119,1000000.09,0.052487343,9366.580347,0.554429963,999999.909,0.057061152,50,0,0,0,0
6550.016831,6809.296638,6618.784455,0.006550017,0.006809297,0.006618784,9263.122636,-1.601804777,1000000.003,-0.108601759,9629.799656,2.610049813,1000000.09,0.052473719,9360.374743,0.554477889,999999.9089,0.057102683,50,0,0,0,0
6550.511282,6808.743393,6618.651642,0.006550511,0.006808743,0.006618652,9263.821895,-1.602120017,1000000.003,-0.108593919,9629.01725,2.609757672,1000000.09,0.05250363,9360.186917,0.554499462,999999.9089,0.057107772,50,0,0,0,0
6550.453771,6809.794586,6618.646021,0.006550454,0.006809795,0.006618646,9263.740563,-1.601643197,1000000.003,-0.108595047,9630.503861,2.609935853,1000000.09,0.052477876,9360.178968,0.554734149,999999.9089,0.057129559,50,0,0,0,0
6550.364178,6808.156762,6620.110925,0.006550364,0.006808157,0.006620111,9263.613859,-1.601982677,1000000.003,-0.108593108,9628.187627,2.609868736,1000000.09,0.052496649,9362.250655,0.554468055,999999.9089,0.057090127,50,0,0,0,0
6549.904146,6809.841895,6620.901767,0.006549904,0.006809842,0.006620902,9262.963275,-1.601905549,1000000.003,-0.108602509,9630.570766,2.609720224,1000000.09,0.052492142,9363.369073,0.554793409,999999.909,0.057119305,50,0,0,0,0
6552.734596,6808.507099,6619.718662,0.006552735,0.006808507,0.006619719,9266.966136,-1.601833978,1000000.003,-0.108555569,9628.683078,2.609875405,1000000.09,0.052494817,9361.695911,0.554793236,999999.9089,0.057123014,50,0,0,0,0
6550.317454,6809.03893,6621.04655,0.006550317,0.006809039,0.006621047,9263.547782,-1.602216113,1000000.003,-0.108591481,9629.435201,2.609874925,1000000.09,0.052492482,9363.573829,0.553733492,999999.9089,0.057010296,50,0,0,0,0
2128.205358,7834.897094,7497.260772,42.54005324,0.007834937,0.007497677,3009.736881,-2.195708831,50.02826835,-0.019349266,11080.21773,2.422080586,999994.9243,54.1002754,10602.72786,0.738966055,999944.4161,-11.60335615,50,1,0,0,1
2027.586531,8036.775745,7546.6855,40.54564942,0.008036605,0.007547068,2867.440371,-2.727669169,50.00749921,-2.42E-06,11365.71726,2.418964088,1000021.299,45.81856903,10672.62498,0.7551489,999949.3142,18.05211753,50,1,0,0,1
2025.93472,8007.878609,7547.885662,40.51261812,0.008007701,0.007548266,2865.104358,-2.744744072,50.00749925,-2.42E-06,11324.85053,2.421989803,1000022.277,45.50928108,10674.32227,0.750626619,999949.5925,18.66766944,50,1,0,0,1
2026.049246,8031.665684,7577.531394,40.51490829,0.008031489,0.007577911,2865.266321,-2.745501092,50.00749924,-2.44E-06,11358.49054,2.41836078,1000022.082,45.4406381,10716.24767,0.752781451,999949.8412,18.74182926,50,1,0,0,1
2026.348379,8016.150541,7574.219264,40.52089005,0.008015973,0.007574599,2865.689359,-2.745650858,50.00749924,-2.43E-06,11336.54881,2.421343373,1000022.27,45.46582023,10711.56361,0.754197716,999949.8413,18.8313327,50,1,0,0,1
2026.43513,8020.162816,7564.565816,40.52262482,0.008019986,0.007564945,2865.812044,-2.745486346,50.00749924,-2.44E-06,11342.22303,2.419022398,1000022.147,45.50017588,10697.91157,0.755087935,999949.7889,18.8926339,50,1,0,0,1
2026.544312,8019.770216,7560.460924,40.52480814,0.008019593,0.00756084,2865.966451,-2.745460257,50.00749925,-2.43E-06,11341.66781,2.420343011,1000022.208,45.47616019,10692.10638,0.754694516,999949.751,18.88282326,50,1,0,0,1
2026.610561,8017.82292,7560.036598,40.52613291,0.008017646,0.007560416,2866.060141,-2.745416356,50.00749924,-2.43E-06,11338.91391,2.419706337,1000022.183,45.50378863,10691.50629,0.754844594,999949.7485,18.88983544,50,1,0,0,1
2025.930529,8025.735668,7556.396434,40.51253432,0.008025558,0.007556776,2865.098431,-2.745616993,50.00749925,-2.44E-06,11350.10423,2.419566817,1000022.157,45.44235045,10686.35832,0.75391693,999949.7274,18.85606499,50,1,0,0,1
2026.450761,8015.241615,7561.602226,40.52293739,0.008015064,0.007561982,2865.834149,-2.745494686,50.00749924,-2.43E-06,11335.2634,2.420104954,1000022.211,45.50427978,10693.72042,0.75389697,999949.7465,18.84074755,50,1,0,0,1
2026.105305,8021.652167,7565.143856,40.51602932,0.008021475,0.007565523,2865.345602,-2.745639048,50.00749924,-2.44E-06,11344.32929,2.4198943,1000022.186,45.46164451,10698.72904,0.754657469,999949.7956,18.87417231,50,1,0,0,1
2026.727236,8016.397915,7559.362431,40.52846606,0.00801622,0.007559742,2866.225144,-2.745657474,50.00749925,-2.43E-06,11336.89865,2.420076421,1000022.216,45.50094893,10690.55287,0.754629093,999949.7416,18.89387187,50,1,0,0,1
2026.280113,8018.848583,7559.673968,40.51952495,0.008018671,0.007560053,2865.592817,-2.745421202,50.00749924,-2.44E-06,11340.36442,2.419572416,1000022.171,45.49341849,10690.99345,0.754901893,999949.7555,18.8907979,50,1,0,0,1
2026.19829,8018.784376,7557.845162,40.51788872,0.008018607,0.007558225,2865.477101,-2.745559032,50.00749925,-2.43E-06,11340.27362,2.419862402,1000022.19,45.48247513,10688.40713,0.754496858,999949.7403,18.88116762,50,1,0,0,1
2026.238413,8018.6496,7559.316865,40.51869106,0.008018472,0.007559696,2865.533844,-2.745538157,50.00749924,-2.43E-06,11340.08302,2.419857433,1000022.189,45.48470944,10690.48843,0.754408249,999949.747,18.87236296,50,1,0,0,1
2026.378919,8018.078414,7560.185236,40.52150077,0.008017901,0.007560565,2865.73255,-2.745469534,50.00749924,-2.43E-06,11339.27524,2.420004262,1000022.196,45.48936044,10691.7165,0.754418502,999949.7482,18.86856895,50,1,0,0,1
2026.642892,8017.428974,7560.017533,40.52677943,0.008017252,0.007560397,2866.105864,-2.745391846,50.00749924,-2.43E-06,11338.35679,2.41998199,1000022.196,45.50117839,10691.47933,0.75459374,999949.7424,18.87634352,50,1,0,0,1
2026.427165,8019.156582,7559.787014,40.52246554,0.008018979,0.007560166,2865.800779,-2.745620544,50.00749925,-2.43E-06,11340.8,2.419880245,1000022.195,45.48373738,10691.15332,0.754581672,999949.7503,18.88579218,50,1,0,0,1
6552.899826,6804.930627,6619.901213,0.0065529,0.006804931,0.006619901,9267.199807,-1.601323627,1000000.003,-0.108539672,9623.625183,2.609795445,1000000.09,0.052529899,9361.954077,0.554073525,999999.9089,0.057040938,0.001,0,0,0,0
6549.8962,6809.237388,6619.439383,0.006549896,0.006809237,0.006619439,9262.952039,-1.601788803,1000000.003,-0.108602074,9629.715863,2.609842903,1000000.09,0.052489581,9361.300951,0.554550621,999999.9089,0.057105,0.001,0,0,0,0
6550.371863,6809.029053,6619.763243,0.006550372,0.006809029,0.006619763,9263.624727,-1.601901422,1000000.003,-0.108594306,9629.421233,2.609791819,1000000.09,0.052495803,9361.758957,0.554595147,999999.9089,0.05710669,0.001,0,0,0,0
6550.218464,6809.491844,6617.394464,0.006550218,0.006809492,0.006617394,9263.407788,-1.601797692,1000000.003,-0.108600152,9630.075719,2.609916808,1000000.09,0.052484754,9358.408998,0.5545595,999999.9089,0.057123173,0.001,0,0,0,0
6550.492756,6808.427547,6618.855299,0.006550493,0.006808428,0.006618855,9263.795696,-1.601737236,1000000.003,-0.108591293,9628.570576,2.609853774,1000000.09,0.052496427,9360.474931,0.554509441,999999.9089,0.057103708,0.001,0,0,0,0
6549.785217,6809.986332,6619.851915,0.006549785,0.006809986,0.006619852,9262.795085,-1.601773439,1000000.003,-0.108605526,9630.77503,2.609866224,1000000.09,0.052480271,9361.884359,0.554752463,999999.9089,0.057122784,0.001,0,0,0,0
6550.016413,6808.415689,6619.419001,0.006550016,0.006808416,0.006619419,9263.122045,-1.601985297,1000000.003,-0.108599657,9628.553805,2.609906053,1000000.09,0.052492807,9361.272126,0.554356748,999999.9089,0.057085101,0.001,0,0,0,0
6549.286656,6808.952467,6618.559808,0.006549287,0.006808952,0.00661856,9262.090013,-1.601905909,1000000.003,-0.108613396,9629.312924,2.609738469,1000000.09,0.052500946,9360.057044,0.554577844,999999.9089,0.057116868,0.001,0,0,0,0
6549.003789,6809.158752,6620.366066,0.006549004,0.006809159,0.006620366,9261.689978,-1.602105229,1000000.003,-0.108617179,9629.604655,2.60976879,1000000.09,0.052495512,9362.611478,0.554492718,999999.9089,0.057094258,0.001,0,0,0,0
6550.510923,6809.362425,6618.407485,0.006550511,0.006809362,0.006618407,9263.821388,-1.601820406,1000000.003,-0.108593946,9629.892692,2.609759277,1000000.09,0.052496989,9359.841627,0.554689053,999999.9089,0.057127863,0.001,0,0,0,0
6550.103957,6807.760769,6620.411122,0.006550104,0.006807761,0.006620411,9263.24585,-1.60205889,1000000.003,-0.108598013,9627.627609,2.60986635,1000000.09,0.052498899,9362.675198,0.554646447,999999.9089,0.057105431,0.001,0,0,0,0
6552.120091,6812.792688,6619.847495,0.00655212,0.006812793,0.006619847,9266.097095,-1.601919114,1000000.003,-0.108567732,9634.743817,2.608975572,1000000.09,0.052533419,9361.878108,0.554848816,999999.909,0.057138433,0.001,0,0,0,0
6549.162435,6807.649521,6618.985424,0.006549162,0.00680765,0.006618985,9261.914338,-1.602099725,1000000.003,-0.108612837,9627.470281,2.609985124,1000000.09,0.052493748,9360.658955,0.554048389,999999.9089,0.057057962,0.001,0,0,0,0
6551.234097,6809.873679,6618.756961,0.006551234,0.006809874,0.006618757,9264.844111,-1.601616164,1000000.003,-0.10858071,9630.615715,2.609791478,1000000.09,0.052490135,9360.33586,0.554658175,999999.9089,0.057120227,0.001,0,0,0,0
6550.164605,6808.838359,6621.446319,0.006550165,0.006808838,0.006621446,9263.331619,-1.601893111,1000000.003,-0.108595671,9629.151551,2.609828525,1000000.09,0.052491665,9364.139186,0.55463166,999999.909,0.057095648,0.001,0,0,0,0
6547.30033,6808.608958,6620.13086,0.0065473,0.006808609,0.006620131,9259.280923,-1.601920124,1000000.003,-0.108642945,9628.827129,2.609713473,1000000.09,0.052501812,9362.278847,0.554413423,999999.9089,0.057088935,0.001,0,0,0,0
6550.217806,6810.030989,6618.608973,0.006550218,0.006810031,0.006618609,9263.406858,-1.601880373,1000000.003,-0.108600023,9630.838185,2.609889297,1000000.09,0.052481432,9360.126574,0.554599315,999999.9089,0.057118022,0.001,0,0,0,0
6553.032625,6807.693837,6617.766212,0.006553033,0.006807694,0.006617766,9267.387612,-1.601873443,1000000.003,-0.108551395,9627.532953,2.609923004,1000000.09,0.052501467,9358.934729,0.554591314,999999.9089,0.057117617,0.001,0,0,0,0
7481.998605,8269.342968,49.55644227,0.007481771,0.008269769,47.17626338,10581.1439,-1.8485395,1000030.448,55.13405653,11694.61698,2.804992297,999948.5862,24.56613533,70.08339276,-0.746546259,1.049826058,0.036283943,0.001,0,0,1,1
7506.627947,8270.12089,42.16047062,0.007506389,0.008270481,41.74310976,10615.97505,-1.824722057,1000031.809,45.53522236,11695.71713,2.808830505,999956.5269,25.52643606,59.62390935,-0.862192513,1.009998317,-2.48E-06,0.001,0,0,1,1
7424.445726,8228.704822,43.39003869,0.007424189,0.008229072,42.9605026,10499.75184,-1.813811919,1000034.594,46.30638499,11637.14596,2.804789737,999955.4841,27.16177144,61.36278119,-0.883176381,1.009998396,-2.38E-06,0.001,0,0,1,1
7442.145868,8276.029914,44.63028067,0.007441885,0.008276404,44.18846641,10524.78362,-1.834603782,1000035.026,47.86927392,11704.07375,2.808683788,999954.8861,28.44796905,63.11674822,-0.894057838,1.009998407,-2.36E-06,0.001,0,0,1,1
7465.606447,8204.050981,44.94477914,0.007465348,0.008204429,44.49985151,10557.96189,-1.845970903,1000034.63,48.44003332,11602.28016,2.802542444,999954.0026,28.63392391,63.56151622,-0.894415121,1.009998407,-2.34E-06,0.001,0,0,1,1
7481.225281,8263.563008,45.02814034,0.007480966,0.008263941,44.58238753,10580.05026,-1.844186414,1000034.745,48.34077462,11686.44288,2.805640046,999954.359,28.65635662,63.67940676,-0.8951661,1.009998406,-2.35E-06,0.001,0,0,1,1
7464.492643,8227.73487,45.0279729,0.00746423,0.008228114,44.58222118,10556.38673,-1.834165944,1000035.261,48.1307731,11635.77424,2.802403203,999954.0406,28.58932601,63.67916996,-0.894229474,1.009998419,-2.32E-06,0.001,0,0,1,1
7453.497891,8258.537948,45.06105287,0.007453232,0.008258916,44.61497337,10540.8378,-1.826247722,1000035.745,47.93731312,11679.33637,2.804419681,999954.2508,28.61990596,63.72595211,-0.894752307,1.009998426,-2.32E-06,0.001,0,0,1,1
7469.709388,8259.245281,45.07959408,0.007469445,0.008259624,44.63333127,10563.76432,-1.831411269,1000035.427,48.04184581,11680.33669,2.803908909,999954.217,28.5989835,63.75217333,-0.894602528,1.00999842,-2.33E-06,0.001,0,0,1,1
7473.65423,8241.952426,45.07500786,0.007473392,0.008242331,44.62879071,10569.34317,-1.83928694,1000035.067,48.25895461,11655.8809,2.802861443,999954.1201,28.64729954,63.74568743,-0.895457116,1.009998414,-2.33E-06,0.001,0,0,1,1
7505.26164,8242.723,45.07452836,0.007505,0.008243102,44.62831585,10614.0428,-1.83868414,1000034.901,48.06849163,11656.97066,2.802995584,999954.1006,28.60524305,63.74500933,-0.89447251,1.009998417,-2.34E-06,0.001,0,0,1,1
7499.722891,8236.228077,45.08777715,0.007499462,0.008236607,44.64143354,10606.20983,-1.840414713,1000034.862,48.17244788,11647.78545,2.802918575,999954.0537,28.6407138,63.76374594,-0.894647526,1.009998416,-2.34E-06,0.001,0,0,1,1
7472.672991,8249.399446,45.11158311,0.007472409,0.008249779,44.66500371,10567.95549,-1.834363795,1000035.297,48.16081382,11666.41258,2.803456094,999954.1173,28.633329,63.79741265,-0.894617692,1.009998419,-2.33E-06,0.001,0,0,1,1
7475.962531,8246.510814,45.10734526,0.007475698,0.00824689,44.66080769,10572.6076,-1.833040497,1000035.35,48.08236003,11662.32744,2.803101948,999954.1002,28.63225814,63.79141943,-0.894788212,1.009998421,-2.33E-06,0.001,0,0,1,1
7473.498359,8251.09631,45.08814878,0.007473235,0.008251475,44.64180133,10569.12274,-1.833734348,1000035.313,48.10279862,11668.81231,2.803488551,999954.1559,28.62113358,63.7642715,-0.894771257,1.009998419,-2.33E-06,0.001,0,0,1,1
7479.459788,8242.350458,45.09843286,0.007479197,0.00824273,44.6519837,10577.55347,-1.837162964,1000035.128,48.19571012,11656.4438,2.803385664,999954.0942,28.65387377,63.77881539,-0.894783476,1.009998417,-2.33E-06,0.001,0,0,1,1
7443.962871,8240.733596,45.10799689,0.007443701,0.008241113,44.66145336,10527.35325,-1.83927321,1000035.188,48.51960507,11654.15722,2.8041206,999954.0889,28.68698347,63.79234097,-0.894516278,1.00999841,-2.33E-06,0.001,0,0,1,1
7458.363154,8244.877459,45.09528159,0.0074581,0.008245256,44.64886369,10547.71832,-1.83590869,1000035.281,48.28775923,11660.01752,2.803780441,999954.1201,28.65687049,63.77435882,-0.894689629,1.009998416,-2.33E-06,0.001,0,0,1,1
6552.899826,6804.930627,6619.901213,0.0065529,0.006804931,0.006619901,9267.199807,-1.601323627,1000000.003,-0.108539672,9623.625183,2.609795445,1000000.09,0.052529899,9361.954077,0.554073525,999999.9089,0.057040938,1,0,0,0,0
6549.8962,6809.237388,6619.439383,0.006549896,0.006809237,0.006619439,9262.952039,-1.601788803,1000000.003,-0.108602074,9629.715863,2.609842903,1000000.09,0.052489581,9361.300951,0.554550621,999999.9089,0.057105,1,0,0,0,0
6550.371863,6809.029053,6619.763243,0.006550372,0.006809029,0.006619763,9263.624727,-1.601901422,1000000.003,-0.108594306,9629.421233,2.609791819,1000000.09,0.052495803,9361.758957,0.554595147,999999.9089,0.05710669,1,0,0,0,0
6550.218464,6809.491844,6617.394464,0.006550218,0.006809492,0.006617394,9263.407788,-1.601797692,1000000.003,-0.108600152,9630.075719,2.609916808,1000000.09,0.052484754,9358.408998,0.5545595,999999.9089,0.057123173,1,0,0,0,0
6550.492756,6808.427547,6618.855299,0.006550493,0.006808428,0.006618855,9263.795696,-1.601737236,1000000.003,-0.108591293,9628.570576,2.609853774,1000000.09,0.052496427,9360.474931,0.554509441,999999.9089,0.057103708,1,0,0,0,0
6549.785217,6809.986332,6619.851915,0.006549785,0.006809986,0.006619852,9262.795085,-1.601773439,1000000.003,-0.108605526,9630.77503,2.609866224,1000000.09,0.052480271,9361.884359,0.554752463,999999.9089,0.057122784,1,0,0,0,0
6550.016413,6808.415689,6619.419001,0.006550016,0.006808416,0.006619419,9263.122045,-1.601985297,1000000.003,-0.108599657,9628.553805,2.609906053,1000000.09,0.052492807,9361.272126,0.554356748,999999.9089,0.057085101,1,0,0,0,0
6549.286656,6808.952467,6618.559808,0.006549287,0.006808952,0.00661856,9262.090013,-1.601905909,1000000.003,-0.108613396,9629.312924,2.609738469,1000000.09,0.052500946,9360.057044,0.554577844,999999.9089,0.057116868,1,0,0,0,0
6549.003789,6809.158752,6620.366066,0.006549004,0.006809159,0.006620366,9261.689978,-1.602105229,1000000.003,-0.108617179,9629.604655,2.60976879,1000000.09,0.052495512,9362.611478,0.554492718,999999.9089,0.057094258,1,0,0,0,0
6550.510923,6809.362425,6618.407485,0.006550511,0.006809362,0.006618407,9263.821388,-1.601820406,1000000.003,-0.108593946,9629.892692,2.609759277,1000000.09,0.052496989,9359.841627,0.554689053,999999.9089,0.057127863,1,0,0,0,0
6550.103957,6807.760769,6620.411122,0.006550104,0.006807761,0.006620411,9263.24585,-1.60205889,1000000.003,-0.108598013,9627.627609,2.60986635,1000000.09,0.052498899,9362.675198,0.554646447,999999.9089,0.057105431,1,0,0,0,0
6552.120091,6812.792688,6619.847495,0.00655212,0.006812793,0.006619847,9266.097095,-1.601919114,1000000.003,-0.108567732,9634.743817,2.608975572,1000000.09,0.052533419,9361.878108,0.554848816,999999.909,0.057138433,1,0,0,0,0
6549.162435,6807.649521,6618.985424,0.006549162,0.00680765,0.006618985,9261.914338,-1.602099725,1000000.003,-0.108612837,9627.470281,2.609985124,1000000.09,0.052493748,9360.658955,0.554048389,999999.9089,0.057057962,1,0,0,0,0
6551.234097,6809.873679,6618.756961,0.006551234,0.006809874,0.006618757,9264.844111,-1.601616164,1000000.003,-0.10858071,9630.615715,2.609791478,1000000.09,0.052490135,9360.33586,0.554658175,999999.9089,0.057120227,1,0,0,0,0
6550.164605,6808.838359,6621.446319,0.006550165,0.006808838,0.006621446,9263.331619,-1.601893111,1000000.003,-0.108595671,9629.151551,2.609828525,1000000.09,0.052491665,9364.139186,0.55463166,999999.909,0.057095648,1,0,0,0,0
6547.30033,6808.608958,6620.13086,0.0065473,0.006808609,0.006620131,9259.280923,-1.601920124,1000000.003,-0.108642945,9628.827129,2.609713473,1000000.09,0.052501812,9362.278847,0.554413423,999999.9089,0.057088935,1,0,0,0,0
6550.217806,6810.030989,6618.608973,0.006550218,0.006810031,0.006618609,9263.406858,-1.601880373,1000000.003,-0.108600023,9630.838185,2.609889297,1000000.09,0.052481432,9360.126574,0.554599315,999999.9089,0.057118022,1,0,0,0,0
6553.032625,6807.693837,6617.766212,0.006553033,0.006807694,0.006617766,9267.387612,-1.601873443,1000000.003,-0.108551395,9627.532953,2.609923004,1000000.09,0.052501467,9358.934729,0.554591314,999999.9089,0.057117617,1,0,0,0,0
7481.998605,8269.342968,49.55644227,0.007481771,0.008269769,47.17626338,10581.1439,-1.8485395,1000030.448,55.13405653,11694.61698,2.804992297,999948.5862,24.56613533,70.08339276,-0.746546259,1.049826058,0.036283943,1,0,0,1,1
7506.627947,8270.12089,42.16047062,0.007506389,0.008270481,41.74310976,10615.97505,-1.824722057,1000031.809,45.53522236,11695.71713,2.808830505,999956.5269,25.52643606,59.62390935,-0.862192513,1.009998317,-2.48E-06,1,0,0,1,1
7424.445726,8228.704822,43.39003869,0.007424189,0.008229072,42.9605026,10499.75184,-1.813811919,1000034.594,46.30638499,11637.14596,2.804789737,999955.4841,27.16177144,61.36278119,-0.883176381,1.009998396,-2.38E-06,1,0,0,1,1
7442.145868,8276.029914,44.63028067,0.007441885,0.008276404,44.18846641,10524.78362,-1.834603782,1000035.026,47.86927392,11704.07375,2.808683788,999954.8861,28.44796905,63.11674822,-0.894057838,1.009998407,-2.36E-06,1,0,0,1,1
7465.606447,8204.050981,44.94477914,0.007465348,0.008204429,44.49985151,10557.96189,-1.845970903,1000034.63,48.44003332,11602.28016,2.802542444,999954.0026,28.63392391,63.56151622,-0.894415121,1.009998407,-2.34E-06,1,0,0,1,1
7481.225281,8263.563008,45.02814034,0.007480966,0.008263941,44.58238753,10580.05026,-1.844186414,1000034.745,48.34077462,11686.44288,2.805640046,999954.359,28.65635662,63.67940676,-0.8951661,1.009998406,-2.35E-06,1,0,0,1,1
7464.492643,8227.73487,45.0279729,0.00746423,0.008228114,44.58222118,10556.38673,-1.834165944,1000035.261,48.1307731,11635.77424,2.802403203,999954.0406,28.58932601,63.67916996,-0.894229474,1.009998419,-2.32E-06,1,0,0,1,1
7453.497891,8258.537948,45.06105287,0.007453232,0.008258916,44.61497337,10540.8378,-1.826247722,1000035.745,47.93731312,11679.33637,2.804419681,999954.2508,28.61990596,63.72595211,-0.894752307,1.009998426,-2.32E-06,1,0,0,1,1
7469.709388,8259.245281,45.07959408,0.007469445,0.008259624,44.63333127,10563.76432,-1.831411269,1000035.427,48.04184581,11680.33669,2.803908909,999954.217,28.5989835,63.75217333,-0.894602528,1.00999842,-2.33E-06,1,0,0,1,1
7473.65423,8241.952426,45.07500786,0.007473392,0.008242331,44.62879071,10569.34317,-1.83928694,1000035.067,48.25895461,11655.8809,2.802861443,999954.1201,28.64729954,63.74568743,-0.895457116,1.009998414,-2.33E-06,1,0,0,1,1
7505.26164,8242.723,45.07452836,0.007505,0.008243102,44.62831585,10614.0428,-1.83868414,1000034.901,48.06849163,11656.97066,2.802995584,999954.1006,28.60524305,63.74500933,-0.89447251,1.009998417,-2.34E-06,1,0,0,1,1
7499.722891,8236.228077,45.08777715,0.007499462,0.008236607,44.64143354,10606.20983,-1.840414713,1000034.862,48.17244788,11647.78545,2.802918575,999954.0537,28.6407138,63.76374594,-0.894647526,1.009998416,-2.34E-06,1,0,0,1,1
7472.672991,8249.399446,45.11158311,0.007472409,0.008249779,44.66500371,10567.95549,-1.834363795,1000035.297,48.16081382,11666.41258,2.803456094,999954.1173,28.633329,63.79741265,-0.894617692,1.009998419,-2.33E-06,1,0,0,1,1
7475.962531,8246.510814,45.10734526,0.007475698,0.00824689,44.66080769,10572.6076,-1.833040497,1000035.35,48.08236003,11662.32744,2.803101948,999954.1002,28.63225814,63.79141943,-0.894788212,1.009998421,-2.33E-06,1,0,0,1,1
7473.498359,8251.09631,45.08814878,0.007473235,0.008251475,44.64180133,10569.12274,-1.833734348,1000035.313,48.10279862,11668.81231,2.803488551,999954.1559,28.62113358,63.7642715,-0.894771257,1.009998419,-2.33E-06,1,0,0,1,1
7479.459788,8242.350458,45.09843286,0.007479197,0.00824273,44.6519837,10577.55347,-1.837162964,1000035.128,48.19571012,11656.4438,2.803385664,999954.0942,28.65387377,63.77881539,-0.894783476,1.009998417,-2.33E-06,1,0,0,1,1
7443.962871,8240.733596,45.10799689,0.007443701,0.008241113,44.66145336,10527.35325,-1.83927321,1000035.188,48.51960507,11654.15722,2.8041206,999954.0889,28.68698347,63.79234097,-0.894516278,1.00999841,-2.33E-06,1,0,0,1,1
7458.363154,8244.877459,45.09528159,0.0074581,0.008245256,44.64886369,10547.71832,-1.83590869,1000035.281,48.28775923,11660.01752,2.803780441,999954.1201,28.65687049,63.77435882,-0.894689629,1.009998416,-2.33E-06,1,0,0,1,1
6551.806648,6805.322524,6620.749839,0.006551807,0.006805323,0.00662075,9265.653819,-1.601329166,1000000.003,-0.108557048,9624.179409,2.609717792,1000000.09,0.052530608,9363.154215,0.554116714,999999.9089,0.057040822,10,0,0,0,0
6549.62023,6809.240288,6619.222036,0.00654962,0.00680924,0.006619222,9262.561757,-1.601779046,1000000.003,-0.108606048,9629.719965,2.609752418,1000000.09,0.052497118,9360.993576,0.554499242,999999.9089,0.05710294,10,0,0,0,0
6549.566083,6809.161582,6620.104022,0.006549566,0.006809162,0.006620104,9262.485182,-1.601750223,1000000.003,-0.108606771,9629.608658,2.609820433,1000000.09,0.052490166,9362.240893,0.554663492,999999.9089,0.057111411,10,0,0,0,0
6549.072576,6809.157555,6619.925695,0.006549073,0.006809158,0.006619926,9261.787258,-1.601911941,1000000.003,-0.108615932,9629.602963,2.609803694,1000000.09,0.052492154,9361.9887,0.554604172,999999.9089,0.057108535,10,0,0,0,0
6551.078492,6809.249291,6619.09091,0.006551078,0.006809249,0.006619091,9264.624052,-1.601845242,1000000.003,-0.108582929,9629.732697,2.609717104,1000000.09,0.052501774,9360.808136,0.554602322,999999.9089,0.057113198,10,0,0,0,0
6550.504939,6809.109447,6618.678121,0.006550505,0.006809109,0.006618678,9263.812925,-1.602020651,1000000.003,-0.108594353,9629.534928,2.609869596,1000000.09,0.05249157,9360.224363,0.554521799,999999.9089,0.057109384,10,0,0,0,0
6549.503329,6808.768401,6620.013519,0.006549503,0.006808768,0.006620014,9262.396435,-1.601776376,1000000.003,-0.108607152,9629.052616,2.609849469,1000000.09,0.052491493,9362.112902,0.554559271,999999.9089,0.057101217,10,0,0,0,0
6550.082248,6809.617557,6618.584192,0.006550082,0.006809618,0.006618584,9263.21515,-1.601817083,1000000.003,-0.108601577,9630.253504,2.610041461,1000000.09,0.052472459,9360.091528,0.554526409,999999.9089,0.057109935,10,0,0,0,0
6550.551008,6809.510602,6618.619733,0.006550551,0.006809511,0.00661862,9263.878077,-1.6019019,1000000.003,-0.108593711,9630.102247,2.60984863,1000000.09,0.052489367,9360.141791,0.554606324,999999.9089,0.057118362,10,0,0,0,0
6550.103447,6809.317536,6619.310084,0.006550103,0.006809318,0.00661931,9263.245129,-1.601825595,1000000.003,-0.10859908,9629.829209,2.609866483,1000000.09,0.052487961,9361.118094,0.554525288,999999.9089,0.057104016,10,0,0,0,0
6550.652959,6808.793839,6619.03313,0.006550653,0.006808794,0.006619033,9264.022257,-1.601988921,1000000.003,-0.108591546,9629.08859,2.610045603,1000000.09,0.052479545,9360.726422,0.554498643,999999.9089,0.057102355,10,0,0,0,0
6550.509023,6809.856954,6618.887583,0.006550509,0.006809857,0.006618888,9263.818701,-1.601892107,1000000.003,-0.108593524,9630.592062,2.609662623,1000000.09,0.052501201,9360.520588,0.5546052,999999.9089,0.05711729,10,0,0,0,0
6550.676566,6808.729751,6619.976609,0.006550677,0.00680873,0.006619977,9264.055642,-1.601759457,1000000.003,-0.108588149,9628.997957,2.60993478,1000000.09,0.052486293,9362.060703,0.554586579,999999.9089,0.057102265,10,0,0,0,0
6548.97917,6809.185963,6619.999568,0.006548979,0.006809186,0.00662,9261.655162,-1.601813518,1000000.003,-0.108616138,9629.643137,2.609826925,1000000.09,0.052489956,9362.093172,0.554480616,999999.9089,0.057094917,10,0,0,0,0
6551.445924,6809.501162,6618.716185,0.006551446,0.006809501,0.006618716,9265.143678,-1.601665068,1000000.003,-0.108578934,9630.088896,2.610001791,1000000.09,0.052476143,9360.278194,0.554810134,999999.9089,0.057134961,10,0,0,0,0
6550.241028,6809.79185,6621.334002,0.006550241,0.006809792,0.006621334,9263.439699,-1.601828193,1000000.003,-0.108593064,9630.499991,2.609721704,1000000.09,0.052494384,9363.980347,0.55432967,999999.9089,0.057067962,10,0,0,0,0
6548.122119,6809.83811,6620.817914,0.006548122,0.006809838,0.006620818,9260.443109,-1.601439938,1000000.003,-0.108626427,9630.565413,2.609774749,1000000.09,0.05248587,9363.250487,0.554339257,999999.9089,0.057073734,10,0,0,0,0
6549.30393,6809.048519,6618.843075,0.006549304,0.006809049,0.006618843,9262.114441,-1.601879804,1000000.003,-0.10861271,9629.448762,2.60983268,1000000.09,0.052492647,9360.457644,0.554510316,999999.9089,0.057107637,10,0,0,0,0
7561.007586,8162.153625,452.0712684,0.007560821,0.008162573,44.94888269,10692.87947,-1.834049179,1000024.742,53.97062823,11543.02835,2.815479206,999948.6678,19.73443373,639.3253189,-0.688260907,10.05738493,0.036961745,10,0,0,1,1
7538.083543,8176.78296,417.2299076,0.007537861,0.008177152,41.68172906,10660.45998,-1.811644658,1000029.548,46.6575889,11563.71736,2.819509817,999954.9222,23.65953569,590.0521939,-0.803976895,10.00989923,-2.44E-06,10,0,0,1,1
7480.033908,8124.651941,430.5860102,0.007479794,0.00812503,43.01601814,10578.3654,-1.805442127,1000032.042,47.67449333,11489.99296,2.81246556,999953.525,25.22622929,608.9405754,-0.825001103,10.00989931,-2.34E-06,10,0,0,1,1
7514.519659,8188.712859,438.2627639,0.007514282,0.008189095,43.78293435,10627.13562,-1.828944586,1000031.717,48.79723045,11580.58878,2.816741154,999953.3842,26.05500224,619.7971446,-0.833119682,10.0098993,-2.35E-06,10,0,0,1,1
7561.692373,8119.05866,441.4511565,0.007561452,0.008119445,44.10145819,10693.84791,-1.829331635,1000031.79,48.8189158,11482.08287,2.811666551,999952.5407,26.2884264,624.3062126,-0.834374284,10.00989932,-2.33E-06,10,0,0,1,1
7630.19493,8172.707883,442.5195862,0.007629954,0.008173095,44.2081955,10790.72515,-1.828125866,1000031.642,48.45801697,11557.95433,2.811015153,999952.7223,26.15090294,625.8172004,-0.834429858,10.00989932,-2.34E-06,10,0,0,1,1
7643.134477,8138.573428,442.8987717,0.00764289,0.008138961,44.24607646,10809.02444,-1.820392061,1000032.006,48.16065261,11509.68092,2.810726662,999952.4847,26.28577943,626.3534497,-0.834775157,10.00989934,-2.33E-06,10,0,0,1,1
7596.518668,8166.880417,443.0258497,0.007596275,0.008167268,44.25877175,10743.09973,-1.823355798,1000032.063,48.56874046,11549.71305,2.81211788,999952.6695,26.26295097,626.5331651,-0.834668475,10.00989933,-2.33E-06,10,0,0,1,1
7567.516617,8157.185913,443.0170257,0.00756727,0.008157573,44.25789018,10702.08463,-1.816081401,1000032.569,48.4983898,11536.00295,2.812706757,999952.646,26.35098604,626.5206862,-0.835289828,10.00989934,-2.31E-06,10,0,0,1,1
7510.278895,8162.047435,442.5992694,0.007510035,0.008162434,44.21615593,10621.13827,-1.821174562,1000032.529,48.99336643,11542.87818,2.813732621,999952.7417,26.35131158,625.9298895,-0.835128945,10.00989932,-2.31E-06,10,0,0,1,1
7546.529236,8147.076153,442.7554623,0.007546288,0.008147463,44.23175979,10672.404,-1.829555925,1000031.965,49.0511792,11521.70559,2.812981307,999952.6132,26.36412981,626.1507796,-0.834931867,10.00989932,-2.32E-06,10,0,0,1,1
7560.143889,8144.468361,442.9917282,0.007559902,0.008144855,44.255363,10691.65802,-1.827879043,1000031.999,48.94006568,11518.01761,2.81306804,999952.5711,26.38388251,626.48491,-0.834787294,10.00989932,-2.32E-06,10,0,0,1,1
7543.383606,8156.528322,443.0283827,0.007543141,0.008156915,44.25902483,10667.9554,-1.825137144,1000032.2,48.96933229,11535.07298,2.8130406,999952.6329,26.33899656,626.5367473,-0.834645397,10.00989932,-2.32E-06,10,0,0,1,1
7537.862319,8149.808669,442.8290763,0.007537619,0.008150195,44.23911389,10660.14712,-1.823694742,1000032.285,48.93358967,11525.56995,2.813297218,999952.6244,26.36549178,626.2548855,-0.834739528,10.00989933,-2.32E-06,10,0,0,1,1
7527.533378,8153.427392,442.8431954,0.007527291,0.008153814,44.24052442,10645.53979,-1.826144143,1000032.221,49.07435543,11530.6876,2.813882818,999952.6651,26.39260561,626.274853,-0.834955737,10.00989932,-2.32E-06,10,0,0,1,1
7530.62438,8147.464758,442.8129805,0.007530382,0.008147852,44.23750591,10649.91113,-1.82556424,1000032.221,49.04010956,11522.25516,2.813368479,999952.6136,26.37407122,626.2321226,-0.834709671,10.00989932,-2.32E-06,10,0,0,1,1
7534.751457,8149.384833,442.9108732,0.00753451,0.008149772,44.24728551,10655.7477,-1.827360081,1000032.134,49.07443426,11524.97056,2.813356753,999952.6201,26.38409623,626.3705638,-0.834940697,10.00989932,-2.32E-06,10,0,0,1,1
7532.230473,8148.23288,442.8796979,0.007531988,0.00814862,44.24417106,10652.18249,-1.82669249,1000032.17,49.06955919,11523.34145,2.813369106,999952.614,26.38120318,626.3264753,-0.834828004,10.00989932,-2.32E-06,10,0,0,1,1
6552.543724,6804.745599,6620.545529,0.006552544,0.006804746,0.006620546,9266.696202,-1.60122882,1000000.003,-0.108543604,9623.363514,2.609791368,1000000.09,0.052529908,9362.865277,0.554035075,999999.9089,0.057031566,50,0,0,0,0
6551.211808,6809.720381,6620.73081,0.006551212,0.00680972,0.006620731,9264.812589,-1.601616715,1000000.003,-0.108575468,9630.398918,2.609659942,1000000.09,0.052500948,9363.127305,0.554251489,999999.9089,0.057062917,50,0,0,0,0
6547.918792,6808.964354,6622.594749,0.006547919,0.006808964,0.006622595,9260.155561,-1.601734367,1000000.003,-0.108630985,9629.329736,2.609737904,1000000.09,0.052491913,9365.763312,0.554798832,999999.909,0.057105556,50,0,0,0,0
6548.648372,6808.86565,6619.452937,0.006548648,0.006808866,0.006619453,9261.187344,-1.601964048,1000000.003,-0.108622733,9629.190147,2.609934745,1000000.09,0.052485091,9361.320119,0.554323578,999999.9089,0.057083888,50,0,0,0,0
6551.163025,6809.10872,6617.838732,0.006551163,0.006809109,0.006617839,9264.743599,-1.601780394,1000000.003,-0.108582518,9629.533899,2.609773916,1000000.09,0.052499638,9359.037289,0.554542939,999999.9089,0.057116914,50,0,0,0,0
6551.245789,6809.081144,6618.655448,0.006551246,0.006809081,0.006618655,9264.860645,-1.602053085,1000000.003,-0.108583165,9629.494902,2.60991096,1000000.09,0.052488782,9360.192299,0.554622533,999999.9089,0.057118607,50,0,0,0,0
6548.576623,6809.302782,6620.356043,0.006548577,0.006809303,0.006620356,9261.085875,-1.601664307,1000000.003,-0.108623538,9629.808345,2.609957147,1000000.09,0.052475464,9362.597304,0.554722642,999999.909,0.057115359,50,0,0,0,0
6549.754465,6808.75268,6619.377129,0.006549754,0.006808753,0.006619377,9262.751595,-1.601782681,1000000.003,-0.108604577,9629.030383,2.609930227,1000000.09,0.052485735,9361.21291,0.554605291,999999.9089,0.057110503,50,0,0,0,0
6549.84785,6808.774369,6619.988852,0.006549848,0.006808774,0.006619989,9262.88366,-1.601894711,1000000.003,-0.108601858,9629.061055,2.609791912,1000000.09,0.052496965,9362.078018,0.554508628,999999.9089,0.057096643,50,0,0,0,0
6550.380614,6809.014488,6619.910163,0.006550381,0.006809014,0.00661991,9263.637102,-1.601547117,1000000.003,-0.108590942,9629.400635,2.609749625,1000000.09,0.052497514,9361.966734,0.554548383,999999.9089,0.057099292,50,0,0,0,0
6548.214436,6808.540162,6623.17248,0.006548214,0.00680854,0.006623172,9260.573665,-1.601603332,1000000.003,-0.108622291,9628.729837,2.609844119,1000000.09,0.052487343,9366.580347,0.554429963,999999.909,0.057061152,50,0,0,0,0
6550.016831,6809.296638,6618.784455,0.006550017,0.006809297,0.006618784,9263.122636,-1.601804777,1000000.003,-0.108601759,9629.799656,2.610049813,1000000.09,0.052473719,9360.374743,0.554477889,999999.9089,0.057102683,50,0,0,0,0
6550.511282,6808.743393,6618.651642,0.006550511,0.006808743,0.006618652,9263.821895,-1.602120017,1000000.003,-0.108593919,9629.01725,2.609757672,1000000.09,0.05250363,9360.186917,0.554499462,999999.9089,0.057107772,50,0,0,0,0
6550.453771,6809.794586,6618.646021,0.006550454,0.006809795,0.006618646,9263.740563,-1.601643197,1000000.003,-0.108595047,9630.503861,2.609935853,1000000.09,0.052477876,9360.178968,0.554734149,999999.9089,0.057129559,50,0,0,0,0
6550.364178,6808.156762,6620.110925,0.006550364,0.006808157,0.006620111,9263.613859,-1.601982677,1000000.003,-0.108593108,9628.187627,2.609868736,1000000.09,0.052496649,9362.250655,0.554468055,999999.9089,0.057090127,50,0,0,0,0
6549.904146,6809.841895,6620.901767,0.006549904,0.006809842,0.006620902,9262.963275,-1.601905549,1000000.003,-0.108602509,9630.570766,2.609720224,1000000.09,0.052492142,9363.369073,0.554793409,999999.909,0.057119305,50,0,0,0,0
6552.734596,6808.507099,6619.718662,0.006552735,0.006808507,0.006619719,9266.966136,-1.601833978,1000000.003,-0.108555569,9628.683078,2.609875405,1000000.09,0.052494817,9361.695911,0.554793236,999999.9089,0.057123014,50,0,0,0,0
6550.317454,6809.03893,6621.04655,0.006550317,0.006809039,0.006621047,9263.547782,-1.602216113,1000000.003,-0.108591481,9629.435201,2.609874925,1000000.09,0.052492482,9363.573829,0.553733492,999999.9089,0.057010296,50,0,0,0,0
7681.723072,7739.693811,1828.291742,0.007681666,0.007740058,36.49296929,10863.59695,-1.781355467,1000007.454,46.82256349,10945.57996,2.831044491,999953.0244,2.724368089,2585.594978,-0.366845348,50.09982216,0.035969087,50,0,0,1,1
7755.448971,7756.788059,2010.070211,0.007755294,0.007757174,40.1953757,10967.86112,-1.755341075,1000020.032,47.71313702,10969.75487,2.842890787,999950.3281,14.46470431,2842.668553,-0.58088605,50.00749902,-2.32E-06,50,0,0,1,1
7718.459694,7665.744092,2039.109938,0.007718298,0.007666135,40.7760831,10915.55038,-1.753379294,1000020.908,48.42803958,10840.99926,2.837832615,999949.0559,15.00386867,2883.736929,-0.589001387,50.00749907,-2.27E-06,50,0,0,1,1
7862.210939,7745.185906,2044.046108,0.007862054,0.007745578,40.87479172,11118.84534,-1.767033665,1000019.925,47.93349463,10953.34695,2.837660328,999949.4542,14.87892307,2890.717728,-0.589032739,50.00749904,-2.31E-06,50,0,0,1,1
7861.148147,7666.886227,2046.50795,0.007860992,0.007667279,40.92402117,11117.34233,-1.767665801,1000019.944,48.00110302,10842.61448,2.837632757,999948.883,15.07175912,2894.199299,-0.589506275,50.00749906,-2.30E-06,50,0,0,1,1
7780.28086,7732.322886,2047.826692,0.007780127,0.007732716,40.95039207,11002.97871,-1.77548175,1000019.776,48.69044549,10935.15589,2.838094633,999949.2876,14.96905667,2896.064281,-0.589346789,50.00749903,-2.29E-06,50,0,0,1,1
7812.915787,7669.95821,2048.447974,0.007812761,0.007670351,40.96281583,11049.13147,-1.771767816,1000019.879,48.42850548,10846.95892,2.837349201,999948.8483,15.05702053,2896.942906,-0.589342672,50.00749905,-2.29E-06,50,0,0,1,1
7775.695008,7701.76276,2048.665317,0.007775539,0.007702156,40.96716205,10996.49334,-1.770594164,1000020.024,48.64579414,10891.93735,2.837591177,999949.0549,14.99903471,2897.250276,-0.589152997,50.00749904,-2.29E-06,50,0,0,1,1
7783.217973,7688.271946,2047.252826,0.007783063,0.007688665,40.93891648,11007.13242,-1.771799888,1000019.935,48.58833215,10872.85846,2.838148378,999949.0099,15.04584771,2895.252713,-0.589199964,50.00749904,-2.29E-06,50,0,0,1,1
7756.304724,7691.795825,2046.977287,0.00775615,0.007692188,40.93340651,10969.07133,-1.77272213,1000019.946,48.7731839,10877.84197,2.838493268,999949.042,15.04316131,2894.863041,-0.58897825,50.00749904,-2.29E-06,50,0,0,1,1
7753.956812,7689.801133,2047.007831,0.007753803,0.007690194,40.93401732,10965.75089,-1.775292275,1000019.822,48.84167849,10875.02105,2.838448213,999949.0259,15.04007215,2894.906237,-0.588881956,50.00749903,-2.29E-06,50,0,0,1,1
7749.173493,7684.91282,2047.910139,0.007749019,0.007685306,40.95206076,10958.98625,-1.774343778,1000019.89,48.87422474,10868.10794,2.838638694,999948.9741,15.06690855,2896.182293,-0.58890034,50.00749903,-2.28E-06,50,0,0,1,1
7754.016643,7691.790731,2047.08731,0.007753863,0.007692183,40.93560665,10965.8355,-1.773969454,1000019.887,48.81686241,10877.83477,2.838342657,999949.0356,15.0316112,2895.018637,-0.588886427,50.00749903,-2.28E-06,50,0,0,1,1
7751.274492,7689.107663,2047.398923,0.00775112,0.0076895,40.94183796,10961.95751,-1.773557441,1000019.918,48.83321647,10874.04034,2.838535894,999949.013,15.04943011,2895.459324,-0.588895057,50.00749904,-2.28E-06,50,0,0,1,1
7753.220996,7691.151522,2047.143158,0.007753067,0.007691544,40.93672344,10964.71028,-1.77385277,1000019.899,48.81932838,10876.93079,2.838446942,999949.0327,15.04259259,2895.097618,-0.588964924,50.00749903,-2.28E-06,50,0,0,1,1
7752.520399,7689.230607,2047.278236,0.007752366,0.007689623,40.9394246,10963.71949,-1.773750803,1000019.906,48.8254208,10874.21421,2.838570148,999949.0181,15.05239271,2895.288648,-0.588940863,50.00749904,-2.28E-06,50,0,0,1,1
7751.258508,7690.161103,2047.299504,0.007751104,0.007690554,40.93984988,10961.93491,-1.773937625,1000019.9,48.83784507,10875.53013,2.83836818,999949.0205,15.03978233,2895.318724,-0.588928208,50.00749903,-2.28E-06,50,0,0,1,1
7752.181572,7689.385697,2047.47172,0.007752027,0.007689778,40.94329369,10963.24032,-1.774015608,1000019.9,48.83587287,10874.43354,2.8384851,999949.0142,15.05321537,2895.562274,-0.589020041,50.00749903,-2.28E-06,50,0,0,1,1
6552.899826,6804.930627,6619.901213,0.0065529,0.006804931,0.006619901,9267.199807,-1.601323627,1000000.003,-0.108539672,9623.625183,2.609795445,1000000.09,0.052529899,9361.954077,0.554073525,999999.9089,0.057040938,0.001,0,0,0,0
6549.8962,6809.237388,6619.439383,0.006549896,0.006809237,0.006619439,9262.952039,-1.601788803,1000000.003,-0.108602074,9629.715863,2.609842903,1000000.09,0.052489581,9361.300951,0.554550621,999999.9089,0.057105,0.001,0,0,0,0
6550.371863,6809.029053,6619.763243,0.006550372,0.006809029,0.006619763,9263.624727,-1.601901422,1000000.003,-0.108594306,9629.421233,2.609791819,1000000.09,0.052495803,9361.758957,0.554595147,999999.9089,0.05710669,0.001,0,0,0,0
6550.218464,6809.491844,6617.394464,0.006550218,0.006809492,0.006617394,9263.407788,-1.601797692,1000000.003,-0.108600152,9630.075719,2.609916808,1000000.09,0.052484754,9358.408998,0.5545595,999999.9089,0.057123173,0.001,0,0,0,0
6550.492756,6808.427547,6618.855299,0.006550493,0.006808428,0.006618855,9263.795696,-1.601737236,1000000.003,-0.108591293,9628.570576,2.609853774,1000000.09,0.052496427,9360.474931,0.554509441,999999.9089,0.057103708,0.001,0,0,0,0
6549.785217,6809.986332,6619.851915,0.006549785,0.006809986,0.006619852,9262.795085,-1.601773439,1000000.003,-0.108605526,9630.77503,2.609866224,1000000.09,0.052480271,9361.884359,0.554752463,999999.9089,0.057122784,0.001,0,0,0,0
6550.016413,6808.415689,6619.419001,0.006550016,0.006808416,0.006619419,9263.122045,-1.601985297,1000000.003,-0.108599657,9628.553805,2.609906053,1000000.09,0.052492807,9361.272126,0.554356748,999999.9089,0.057085101,0.001,0,0,0,0
6549.286656,6808.952467,6618.559808,0.006549287,0.006808952,0.00661856,9262.090013,-1.601905909,1000000.003,-0.108613396,9629.312924,2.609738469,1000000.09,0.052500946,9360.057044,0.554577844,999999.9089,0.057116868,0.001,0,0,0,0
6549.003789,6809.158752,6620.366066,0.006549004,0.006809159,0.006620366,9261.689978,-1.602105229,1000000.003,-0.108617179,9629.604655,2.60976879,1000000.09,0.052495512,9362.611478,0.554492718,999999.9089,0.057094258,0.001,0,0,0,0
6550.510923,6809.362425,6618.407485,0.006550511,0.006809362,0.006618407,9263.821388,-1.601820406,1000000.003,-0.108593946,9629.892692,2.609759277,1000000.09,0.052496989,9359.841627,0.554689053,999999.9089,0.057127863,0.001,0,0,0,0
6550.103957,6807.760769,6620.411122,0.006550104,0.006807761,0.006620411,9263.24585,-1.60205889,1000000.003,-0.108598013,9627.627609,2.60986635,1000000.09,0.052498899,9362.675198,0.554646447,999999.9089,0.057105431,0.001,0,0,0,0
6552.120091,6812.792688,6619.847495,0.00655212,0.006812793,0.006619847,9266.097095,-1.601919114,1000000.003,-0.108567732,9634.743817,2.608975572,1000000.09,0.052533419,9361.878108,0.554848816,999999.909,0.057138433,0.001,0,0,0,0
6549.162435,6807.649521,6618.985424,0.006549162,0.00680765,0.006618985,9261.914338,-1.602099725,1000000.003,-0.108612837,9627.470281,2.609985124,1000000.09,0.052493748,9360.658955,0.554048389,999999.9089,0.057057962,0.001,0,0,0,0
6551.234097,6809.873679,6618.756961,0.006551234,0.006809874,0.006618757,9264.844111,-1.601616164,1000000.003,-0.10858071,9630.615715,2.609791478,1000000.09,0.052490135,9360.33586,0.554658175,999999.9089,0.057120227,0.001,0,0,0,0
6550.164605,6808.838359,6621.446319,0.006550165,0.006808838,0.006621446,9263.331619,-1.601893111,1000000.003,-0.108595671,9629.151551,2.609828525,1000000.09,0.052491665,9364.139186,0.55463166,999999.909,0.057095648,0.001,0,0,0,0
6547.30033,6808.608958,6620.13086,0.0065473,0.006808609,0.006620131,9259.280923,-1.601920124,1000000.003,-0.108642945,9628.827129,2.609713473,1000000.09,0.052501812,9362.278847,0.554413423,999999.9089,0.057088935,0.001,0,0,0,0
6550.217806,6810.030989,6618.608973,0.006550218,0.006810031,0.006618609,9263.406858,-1.601880373,1000000.003,-0.108600023,9630.838185,2.609889297,1000000.09,0.052481432,9360.126574,0.554599315,999999.9089,0.057118022,0.001,0,0,0,0
6553.032625,6807.693837,6617.766212,0.006553033,0.006807694,0.006617766,9267.387612,-1.601873443,1000000.003,-0.108551395,9627.532953,2.609923004,1000000.09,0.052501467,9358.934729,0.554591314,999999.9089,0.057117617,0.001,0,0,0,0
8051.868647,46.43406536,7457.932961,0.008052306,48.98246649,0.007457661,11387.06184,-1.405176786,999945.7267,27.40614184,65.66768499,1.44624232,0.932886857,0.168449681,10547.10994,0.2843521,1000036.323,54.68404004,0.001,0,1,0,1
8003.293788,46.04464983,7446.799474,0.008003684,45.58882947,0.007446516,11318.36662,-1.407186714,999951.2045,29.31528217,65.11696827,1.192159566,1.00999851,-2.19E-06,10531.36481,0.290999174,1000037.916,48.01920328,0.001,0,1,0,1
7992.647524,45.58702037,7457.072483,0.00799303,45.13572861,0.007456786,11303.31053,-1.405784714,999952.1605,29.93304089,64.46978248,1.175450291,1.009998548,-2.22E-06,10545.89304,0.292245115,1000038.332,46.79455465,0.001,0,1,0,1
7996.581795,45.31844399,7469.193895,0.007996961,44.86981084,0.007468908,11308.87443,-1.404512203,999952.5725,29.91134435,64.08995812,1.173148182,1.009998552,-2.24E-06,10563.03531,0.291656285,1000038.124,46.37799369,0.001,0,1,0,1
7995.729039,44.98302737,7462.496233,0.007996105,44.5377146,0.007462212,11307.66845,-1.405439292,999952.9879,29.80191223,63.61560738,1.169896145,1.009998554,-2.25E-06,10553.56338,0.291563015,1000038.02,45.95602102,0.001,0,1,0,1
7992.951682,44.74431797,7463.323071,0.007993324,44.30136794,0.007463039,11303.74067,-1.405117882,999953.3512,29.85749807,63.27802131,1.165853541,1.009998563,-2.27E-06,10554.73271,0.292246189,1000038.029,45.52762511,0.001,0,1,0,1
7996.431051,44.73695102,7463.945543,0.007996804,44.29407406,0.007463662,11308.66124,-1.405036128,999953.3572,29.8052284,63.26760288,1.166672157,1.00999856,-2.27E-06,10555.61302,0.291753815,1000037.96,45.56619634,0.001,0,1,0,1
7989.164125,44.70814862,7464.55276,0.007989537,44.26555658,0.007464268,11298.38426,-1.405329519,999953.3739,29.85849996,63.22687013,1.165404719,1.009998565,-2.27E-06,10556.47175,0.292544468,1000038.026,45.45491373,0.001,0,1,0,1
7990.086296,44.69769198,7461.64051,0.007990459,44.25520351,0.007461356,11299.6884,-1.405358009,999953.3833,29.83732829,63.2120822,1.165606276,1.009998564,-2.27E-06,10552.35321,0.292511236,1000038.022,45.47096686,0.001,0,1,0,1
7990.311555,44.68233305,7462.321723,0.007990684,44.23999661,0.007462037,11300.00697,-1.405419511,999953.4067,29.83552064,63.1903614,1.165344901,1.009998564,-2.27E-06,10553.31659,0.292652643,1000038.023,45.43586553,0.001,0,1,0,1
7992.996846,44.67960462,7462.191796,0.007993369,44.23729525,0.007461908,11303.80454,-1.405357997,999953.4191,29.81430529,63.18650281,1.165607579,1.009998563,-2.27E-06,10553.13284,0.292201651,1000037.989,45.46101943,0.001,0,1,0,1
7993.693205,44.68927024,7465.065756,0.007994065,44.24686519,0.007464782,11304.78934,-1.40526391,999953.417,29.82422701,63.20017206,1.165571825,1.009998563,-2.27E-06,10557.19724,0.291795039,1000037.966,45.46741899,0.001,0,1,0,1
7992.895873,44.69575953,7465.542343,0.007993268,44.25329017,0.007465258,11303.66175,-1.405151554,999953.4148,29.84590844,63.2093493,1.165375855,1.009998564,-2.27E-06,10557.87123,0.292245629,1000037.998,45.44654706,0.001,0,1,0,1
7990.718034,44.6908002,7461.008926,0.00799109,44.24837995,0.007460724,11300.58182,-1.405289867,999953.3982,29.83657819,63.20233576,1.165540925,1.009998564,-2.27E-06,10551.46001,0.292748335,1000038.033,45.45630212,0.001,0,1,0,1
7992.039773,44.68493144,7463.048216,0.007992412,44.24256928,0.007462764,11302.45104,-1.40536879,999953.4135,29.82999644,63.19403607,1.165413095,1.009998564,-2.27E-06,10554.344,0.292568626,1000038.015,45.43987255,0.001,0,1,0,1
7991.255057,44.69017793,7464.940306,0.007991627,44.24776386,0.007464656,11301.34128,-1.405459524,999953.3971,29.82654556,63.20145574,1.165534688,1.009998563,-2.27E-06,10557.01982,0.292081854,1000037.982,45.45680783,0.001,0,1,0,1
7991.174593,44.69566713,7462.988873,0.007991547,44.25319869,0.007462704,11301.22749,-1.40532254,999953.4005,29.84549663,63.20921863,1.165350224,1.009998564,-2.27E-06,10554.26008,0.292365899,1000038.018,45.45645915,0.001,0,1,0,1
7991.129098,44.69020249,7462.248872,0.007991501,44.24778817,0.007461965,11301.16315,-1.405516591,999953.3983,29.82998859,63.20149047,1.165414072,1.009998564,-2.27E-06,10553.21356,0.29237551,1000038.015,45.45747818,0.001,0,1,0,1
6552.899826,6804.930627,6619.901213,0.0065529,0.006804931,0.006619901,9267.199807,-1.601323627,1000000.003,-0.108539672,9623.625183,2.609795445,1000000.09,0.052529899,9361.954077,0.554073525,999999.9089,0.057040938,1,0,0,0,0
6549.8962,6809.237388,6619.439383,0.006549896,0.006809237,0.006619439,9262.952039,-1.601788803,1000000.003,-0.108602074,9629.715863,2.609842903,1000000.09,0.052489581,9361.300951,0.554550621,999999.9089,0.057105,1,0,0,0,0
6550.371863,6809.029053,6619.763243,0.006550372,0.006809029,0.006619763,9263.624727,-1.601901422,1000000.003,-0.108594306,9629.421233,2.609791819,1000000.09,0.052495803,9361.758957,0.554595147,999999.9089,0.05710669,1,0,0,0,0
6550.218464,6809.491844,6617.394464,0.006550218,0.006809492,0.006617394,9263.407788,-1.601797692,1000000.003,-0.108600152,9630.075719,2.609916808,1000000.09,0.052484754,9358.408998,0.5545595,999999.9089,0.057123173,1,0,0,0,0
6550.492756,6808.427547,6618.855299,0.006550493,0.006808428,0.006618855,9263.795696,-1.601737236,1000000.003,-0.108591293,9628.570576,2.609853774,1000000.09,0.052496427,9360.474931,0.554509441,999999.9089,0.057103708,1,0,0,0,0
6549.785217,6809.986332,6619.851915,0.006549785,0.006809986,0.006619852,9262.795085,-1.601773439,1000000.003,-0.108605526,9630.77503,2.609866224,1000000.09,0.052480271,9361.884359,0.554752463,999999.9089,0.057122784,1,0,0,0,0
6550.016413,6808.415689,6619.419001,0.006550016,0.006808416,0.006619419,9263.122045,-1.601985297,1000000.003,-0.108599657,9628.553805,2.609906053,1000000.09,0.052492807,9361.272126,0.554356748,999999.9089,0.057085101,1,0,0,0,0
6549.286656,6808.952467,6618.559808,0.006549287,0.006808952,0.00661856,9262.090013,-1.601905909,1000000.003,-0.108613396,9629.312924,2.609738469,1000000.09,0.052500946,9360.057044,0.554577844,999999.9089,0.057116868,1,0,0,0,0
6549.003789,6809.158752,6620.366066,0.006549004,0.006809159,0.006620366,9261.689978,-1.602105229,1000000.003,-0.108617179,9629.604655,2.60976879,1000000.09,0.052495512,9362.611478,0.554492718,999999.9089,0.057094258,1,0,0,0,0
6550.510923,6809.362425,6618.407485,0.006550511,0.006809362,0.006618407,9263.821388,-1.601820406,1000000.003,-0.108593946,9629.892692,2.609759277,1000000.09,0.052496989,9359.841627,0.554689053,999999.9089,0.057127863,1,0,0,0,0
6550.103957,6807.760769,6620.411122,0.006550104,0.006807761,0.006620411,9263.24585,-1.60205889,1000000.003,-0.108598013,9627.627609,2.60986635,1000000.09,0.052498899,9362.675198,0.554646447,999999.9089,0.057105431,1,0,0,0,0
6552.120091,6812.792688,6619.847495,0.00655212,0.006812793,0.006619847,9266.097095,-1.601919114,1000000.003,-0.108567732,9634.743817,2.608975572,1000000.09,0.052533419,9361.878108,0.554848816,999999.909,0.057138433,1,0,0,0,0
6549.162435,6807.649521,6618.985424,0.006549162,0.00680765,0.006618985,9261.914338,-1.602099725,1000000.003,-0.108612837,9627.470281,2.609985124,1000000.09,0.052493748,9360.658955,0.554048389,999999.9089,0.057057962,1,0,0,0,0
6551.234097,6809.873679,6618.756961,0.006551234,0.006809874,0.006618757,9264.844111,-1.601616164,1000000.003,-0.10858071,9630.615715,2.609791478,1000000.09,0.052490135,9360.33586,0.554658175,999999.9089,0.057120227,1,0,0,0,0
6550.164605,6808.838359,6621.446319,0.006550165,0.006808838,0.006621446,9263.331619,-1.601893111,1000000.003,-0.108595671,9629.151551,2.609828525,1000000.09,0.052491665,9364.139186,0.55463166,999999.909,0.057095648,1,0,0,0,0
6547.30033,6808.608958,6620.13086,0.0065473,0.006808609,0.006620131,9259.280923,-1.601920124,1000000.003,-0.108642945,9628.827129,2.609713473,1000000.09,0.052501812,9362.278847,0.554413423,999999.9089,0.057088935,1,0,0,0,0
6550.217806,6810.030989,6618.608973,0.006550218,0.006810031,0.006618609,9263.406858,-1.601880373,1000000.003,-0.108600023,9630.838185,2.609889297,1000000.09,0.052481432,9360.126574,0.554599315,999999.9089,0.057118022,1,0,0,0,0
6553.032625,6807.693837,6617.766212,0.006553033,0.006807694,0.006617766,9267.387612,-1.601873443,1000000.003,-0.108551395,9627.532953,2.609923004,1000000.09,0.052501467,9358.934729,0.554591314,999999.9089,0.057117617,1,0,0,0,0
8051.868647,46.43406536,7457.932961,0.008052306,48.98246649,0.007457661,11387.06184,-1.405176786,999945.7267,27.40614184,65.66768499,1.44624232,0.932886857,0.168449681,10547.10994,0.2843521,1000036.323,54.68404004,1,0,1,0,1
8003.293788,46.04464983,7446.799474,0.008003684,45.58882947,0.007446516,11318.36662,-1.407186714,999951.2045,29.31528217,65.11696827,1.192159566,1.00999851,-2.19E-06,10531.36481,0.290999174,1000037.916,48.01920328,1,0,1,0,1
7992.647524,45.58702037,7457.072483,0.00799303,45.13572861,0.007456786,11303.31053,-1.405784714,999952.1605,29.93304089,64.46978248,1.175450291,1.009998548,-2.22E-06,10545.89304,0.292245115,1000038.332,46.79455465,1,0,1,0,1
7996.581795,45.31844399,7469.193895,0.007996961,44.86981084,0.007468908,11308.87443,-1.404512203,999952.5725,29.91134435,64.08995812,1.173148182,1.009998552,-2.24E-06,10563.03531,0.291656285,1000038.124,46.37799369,1,0,1,0,1
7995.729039,44.98302737,7462.496233,0.007996105,44.5377146,0.007462212,11307.66845,-1.405439292,999952.9879,29.80191223,63.61560738,1.169896145,1.009998554,-2.25E-06,10553.56338,0.291563015,1000038.02,45.95602102,1,0,1,0,1
7992.951682,44.74431797,7463.323071,0.007993324,44.30136794,0.007463039,11303.74067,-1.405117882,999953.3512,29.85749807,63.27802131,1.165853541,1.009998563,-2.27E-06,10554.73271,0.292246189,1000038.029,45.52762511,1,0,1,0,1
7996.431051,44.73695102,7463.945543,0.007996804,44.29407406,0.007463662,11308.66124,-1.405036128,999953.3572,29.8052284,63.26760288,1.166672157,1.00999856,-2.27E-06,10555.61302,0.291753815,1000037.96,45.56619634,1,0,1,0,1
7989.164125,44.70814862,7464.55276,0.007989537,44.26555658,0.007464268,11298.38426,-1.405329519,999953.3739,29.85849996,63.22687013,1.165404719,1.009998565,-2.27E-06,10556.47175,0.292544468,1000038.026,45.45491373,1,0,1,0,1
7990.086296,44.69769198,7461.64051,0.007990459,44.25520351,0.007461356,11299.6884,-1.405358009,999953.3833,29.83732829,63.2120822,1.165606276,1.009998564,-2.27E-06,10552.35321,0.292511236,1000038.022,45.47096686,1,0,1,0,1
7990.311555,44.68233305,7462.321723,0.007990684,44.23999661,0.007462037,11300.00697,-1.405419511,999953.4067,29.83552064,63.1903614,1.165344901,1.009998564,-2.27E-06,10553.31659,0.292652643,1000038.023,45.43586553,1,0,1,0,1
7992.996846,44.67960462,7462.191796,0.007993369,44.23729525,0.007461908,11303.80454,-1.405357997,999953.4191,29.81430529,63.18650281,1.165607579,1.009998563,-2.27E-06,10553.13284,0.292201651,1000037.989,45.46101943,1,0,1,0,1
7993.693205,44.68927024,7465.065756,0.007994065,44.24686519,0.007464782,11304.78934,-1.40526391,999953.417,29.82422701,63.20017206,1.165571825,1.009998563,-2.27E-06,10557.19724,0.291795039,1000037.966,45.46741899,1,0,1,0,1
7992.895873,44.69575953,7465.542343,0.007993268,44.25329017,0.007465258,11303.66175,-1.405151554,999953.4148,29.84590844,63.2093493,1.165375855,1.009998564,-2.27E-06,10557.87123,0.292245629,1000037.998,45.44654706,1,0,1,0,1
7990.718034,44.6908002,7461.008926,0.00799109,44.24837995,0.007460724,11300.58182,-1.405289867,999953.3982,29.83657819,63.20233576,1.165540925,1.009998564,-2.27E-06,10551.46001,0.292748335,1000038.033,45.45630212,1,0,1,0,1
7992.039773,44.68493144,7463.048216,0.007992412,44.24256928,0.007462764,11302.45104,-1.40536879,999953.4135,29.82999644,63.19403607,1.165413095,1.009998564,-2.27E-06,10554.344,0.292568626,1000038.015,45.43987255,1,0,1,0,1
7991.255057,44.69017793,7464.940306,0.007991627,44.24776386,0.007464656,11301.34128,-1.405459524,999953.3971,29.82654556,63.20145574,1.165534688,1.009998563,-2.27E-06,10557.01982,0.292081854,1000037.982,45.45680783,1,0,1,0,1
7991.174593,44.69566713,7462.988873,0.007991547,44.25319869,0.007462704,11301.22749,-1.40532254,999953.4005,29.84549663,63.20921863,1.165350224,1.009998564,-2.27E-06,10554.26008,0.292365899,1000038.018,45.45645915,1,0,1,0,1
7991.129098,44.69020249,7462.248872,0.007991501,44.24778817,0.007461965,11301.16315,-1.405516591,999953.3983,29.82998859,63.20149047,1.165414072,1.009998564,-2.27E-06,10553.21356,0.29237551,1000038.015,45.45747818,1,0,1,0,1
6551.806648,6805.322524,6620.749839,0.006551807,0.006805323,0.00662075,9265.653819,-1.601329166,1000000.003,-0.108557048,9624.179409,2.609717792,1000000.09,0.052530608,9363.154215,0.554116714,999999.9089,0.057040822,10,0,0,0,0
6549.62023,6809.240288,6619.222036,0.00654962,0.00680924,0.006619222,9262.561757,-1.601779046,1000000.003,-0.108606048,9629.719965,2.609752418,1000000.09,0.052497118,9360.993576,0.554499242,999999.9089,0.05710294,10,0,0,0,0
6549.566083,6809.161582,6620.104022,0.006549566,0.006809162,0.006620104,9262.485182,-1.601750223,1000000.003,-0.108606771,9629.608658,2.609820433,1000000.09,0.052490166,9362.240893,0.554663492,999999.9089,0.057111411,10,0,0,0,0
6549.072576,6809.157555,6619.925695,0.006549073,0.006809158,0.006619926,9261.787258,-1.601911941,1000000.003,-0.108615932,9629.602963,2.609803694,1000000.09,0.052492154,9361.9887,0.554604172,999999.9089,0.057108535,10,0,0,0,0
6551.078492,6809.249291,6619.09091,0.006551078,0.006809249,0.006619091,9264.624052,-1.601845242,1000000.003,-0.108582929,9629.732697,2.609717104,1000000.09,0.052501774,9360.808136,0.554602322,999999.9089,0.057113198,10,0,0,0,0
6550.504939,6809.109447,6618.678121,0.006550505,0.006809109,0.006618678,9263.812925,-1.602020651,1000000.003,-0.108594353,9629.534928,2.609869596,1000000.09,0.05249157,9360.224363,0.554521799,999999.9089,0.057109384,10,0,0,0,0
6549.503329,6808.768401,6620.013519,0.006549503,0.006808768,0.006620014,9262.396435,-1.601776376,1000000.003,-0.108607152,9629.052616,2.609849469,1000000.09,0.052491493,9362.112902,0.554559271,999999.9089,0.057101217,10,0,0,0,0
6550.082248,6809.617557,6618.584192,0.006550082,0.006809618,0.006618584,9263.21515,-1.601817083,1000000.003,-0.108601577,9630.253504,2.610041461,1000000.09,0.052472459,9360.091528,0.554526409,999999.9089,0.057109935,10,0,0,0,0
6550.551008,6809.510602,6618.619733,0.006550551,0.006809511,0.00661862,9263.878077,-1.6019019,1000000.003,-0.108593711,9630.102247,2.60984863,1000000.09,0.052489367,9360.141791,0.554606324,999999.9089,0.057118362,10,0,0,0,0
6550.103447,6809.317536,6619.310084,0.006550103,0.006809318,0.00661931,9263.245129,-1.601825595,1000000.003,-0.10859908,9629.829209,2.609866483,1000000.09,0.052487961,9361.118094,0.554525288,999999.9089,0.057104016,10,0,0,0,0
6550.652959,6808.793839,6619.03313,0.006550653,0.006808794,0.006619033,9264.022257,-1.601988921,1000000.003,-0.108591546,9629.08859,2.610045603,1000000.09,0.052479545,9360.726422,0.554498643,999999.9089,0.057102355,10,0,0,0,0
6550.509023,6809.856954,6618.887583,0.006550509,0.006809857,0.006618888,9263.818701,-1.601892107,1000000.003,-0.108593524,9630.592062,2.609662623,1000000.09,0.052501201,9360.520588,0.5546052,999999.9089,0.05711729,10,0,0,0,0
6550.676566,6808.729751,6619.976609,0.006550677,0.00680873,0.006619977,9264.055642,-1.601759457,1000000.003,-0.108588149,9628.997957,2.60993478,1000000.09,0.052486293,9362.060703,0.554586579,999999.9089,0.057102265,10,0,0,0,0
6548.97917,6809.185963,6619.999568,0.006548979,0.006809186,0.00662,9261.655162,-1.601813518,1000000.003,-0.108616138,9629.643137,2.609826925,1000000.09,0.052489956,9362.093172,0.554480616,999999.9089,0.057094917,10,0,0,0,0
6551.445924,6809.501162,6618.716185,0.006551446,0.006809501,0.006618716,9265.143678,-1.601665068,1000000.003,-0.108578934,9630.088896,2.610001791,1000000.09,0.052476143,9360.278194,0.554810134,999999.9089,0.057134961,10,0,0,0,0
6550.241028,6809.79185,6621.334002,0.006550241,0.006809792,0.006621334,9263.439699,-1.601828193,1000000.003,-0.108593064,9630.499991,2.609721704,1000000.09,0.052494384,9363.980347,0.55432967,999999.9089,0.057067962,10,0,0,0,0
6548.122119,6809.83811,6620.817914,0.006548122,0.006809838,0.006620818,9260.443109,-1.601439938,1000000.003,-0.108626427,9630.565413,2.609774749,1000000.09,0.05248587,9363.250487,0.554339257,999999.9089,0.057073734,10,0,0,0,0
6549.30393,6809.048519,6618.843075,0.006549304,0.006809049,0.006618843,9262.114441,-1.601879804,1000000.003,-0.10861271,9629.448762,2.60983268,1000000.09,0.052492647,9360.457644,0.554510316,999999.9089,0.057107637,10,0,0,0,0
7927.65332,469.9031114,7551.142949,0.007928077,47.19585121,0.007550885,11211.39484,-1.395082154,999946.4839,26.00951348,664.5433532,1.310241867,9.954944668,0.173101921,10678.92877,0.299507565,1000034.037,52.38824425,10,0,1,0,1
7917.442487,452.6952024,7542.144276,0.00791784,45.22475029,0.00754188,11196.95454,-1.396575441,999949.7901,27.16202225,640.2076949,1.247842001,10.00989944,-2.19E-06,10666.20272,0.300923579,1000034.947,48.68767907,10,0,1,0,1
7916.554573,443.9309195,7556.620196,0.007916939,44.34918858,0.007556354,11195.69884,-1.394447474,999951.3633,27.72744308,627.8131271,1.227700831,10.00989947,-2.25E-06,10686.67477,0.300927782,1000035.156,46.95360463,10,0,1,0,1
7898.350814,440.6140383,7558.037289,0.007898732,44.01782846,0.007557771,11169.95484,-1.394578148,999951.6684,27.67568242,623.1223487,1.225655816,10.00989948,-2.26E-06,10688.67884,0.303341997,1000035.094,46.4380096,10,0,1,0,1
7900.156774,439.3380056,7550.414408,0.007900537,43.89035138,0.007550149,11172.50885,-1.395783702,999951.8502,27.64247321,621.3177659,1.223339357,10.00989948,-2.27E-06,10677.89846,0.302992009,1000035.118,46.28115696,10,0,1,0,1
7902.441843,439.0819691,7546.162583,0.007902822,43.86477305,0.007545897,11175.74043,-1.396014648,999951.8972,27.62701094,620.9556756,1.222927769,10.00989948,-2.27E-06,10671.88547,0.30298901,1000035.137,46.2658689,10,0,1,0,1
7901.052216,439.0601192,7549.062896,0.007901432,43.86259023,0.007548797,11173.7752,-1.395807906,999951.9045,27.65362252,620.9247753,1.222653687,10.00989948,-2.27E-06,10675.98713,0.302969721,1000035.133,46.23682105,10,0,1,0,1
7903.215322,438.9595514,7549.436621,0.007903595,43.8525434,0.007549171,11176.83429,-1.395804348,999951.926,27.63509122,620.782551,1.222753246,10.00989948,-2.27E-06,10676.51566,0.30271852,1000035.107,46.23626455,10,0,1,0,1
7901.392843,439.0224784,7550.538403,0.007901773,43.85882987,0.007550273,11174.25692,-1.395904343,999951.9076,27.64467534,620.8715432,1.222669108,10.00989948,-2.27E-06,10678.07381,0.302785437,1000035.114,46.23083534,10,0,1,0,1
7901.505061,439.0335753,7548.960858,0.007901885,43.85993845,0.007548695,11174.41562,-1.395852464,999951.9112,27.65217727,620.8872365,1.222571345,10.00989948,-2.27E-06,10675.84283,0.302973676,1000035.135,46.23161265,10,0,1,0,1
7902.452637,438.9930402,7549.421512,0.007902832,43.85588896,0.007549156,11175.75569,-1.395635625,999951.921,27.64561245,620.8299113,1.222802618,10.00989948,-2.27E-06,10676.49429,0.302987014,1000035.12,46.23219659,10,0,1,0,1
7901.561555,439.0177982,7550.704553,0.007901941,43.85836231,0.007550439,11174.49552,-1.395629274,999951.9151,27.65418664,620.8649243,1.222728032,10.00989948,-2.27E-06,10678.30878,0.302751822,1000035.109,46.23257814,10,0,1,0,1
7902.206141,438.9771377,7549.369852,0.007902586,43.85430028,0.007549104,11175.4071,-1.395676187,999951.9228,27.64818136,620.8074217,1.222705648,10.00989948,-2.27E-06,10676.42123,0.302840087,1000035.117,46.23258416,10,0,1,0,1
7901.210107,439.0053836,7550.984636,0.00790159,43.85712207,0.007550719,11173.99849,-1.395681471,999951.9146,27.65515656,620.8473674,1.222664917,10.00989948,-2.27E-06,10678.70488,0.302935247,1000035.118,46.22089719,10,0,1,0,1
7900.317019,438.9894273,7548.58589,0.007900697,43.85552802,0.00754832,11172.73548,-1.395970118,999951.902,27.64179356,620.8248018,1.222698053,10.00989948,-2.27E-06,10675.31254,0.30299866,1000035.129,46.2328474,10,0,1,0,1
7901.918149,438.992596,7550.574394,0.007902298,43.85584458,0.007550309,11174.99982,-1.395433805,999951.9237,27.6578057,620.8292831,1.222789202,10.00989948,-2.27E-06,10678.12471,0.30283491,1000035.108,46.22995751,10,0,1,0,1
7901.719329,439.0752771,7550.489669,0.007902099,43.86410451,0.007550224,11174.71864,-1.395839325,999951.9027,27.64496301,620.9462117,1.222773739,10.00989948,-2.27E-06,10678.00489,0.302781644,1000035.113,46.24050717,10,0,1,0,1
7901.741757,438.9642859,7550.507317,0.007902122,43.85301637,0.007550241,11174.75036,-1.39560589,999951.92,27.64670444,620.7892466,1.222823628,10.00989948,-2.27E-06,10678.02985,0.303146778,1000035.119,46.2176527,10,0,1,0,1
6552.543724,6804.745599,6620.545529,0.006552544,0.006804746,0.006620546,9266.696202,-1.60122882,1000000.003,-0.108543604,9623.363514,2.609791368,1000000.09,0.052529908,9362.865277,0.554035075,999999.9089,0.057031566,50,0,0,0,0
6551.211808,6809.720381,6620.73081,0.006551212,0.00680972,0.006620731,9264.812589,-1.601616715,1000000.003,-0.108575468,9630.398918,2.609659942,1000000.09,0.052500948,9363.127305,0.554251489,999999.9089,0.057062917,50,0,0,0,0
6547.918792,6808.964354,6622.594749,0.006547919,0.006808964,0.006622595,9260.155561,-1.601734367,1000000.003,-0.108630985,9629.329736,2.609737904,1000000.09,0.052491913,9365.763312,0.554798832,999999.909,0.057105556,50,0,0,0,0
6548.648372,6808.86565,6619.452937,0.006548648,0.006808866,0.006619453,9261.187344,-1.601964048,1000000.003,-0.108622733,9629.190147,2.609934745,1000000.09,0.052485091,9361.320119,0.554323578,999999.9089,0.057083888,50,0,0,0,0
6551.163025,6809.10872,6617.838732,0.006551163,0.006809109,0.006617839,9264.743599,-1.601780394,1000000.003,-0.108582518,9629.533899,2.609773916,1000000.09,0.052499638,9359.037289,0.554542939,999999.9089,0.057116914,50,0,0,0,0
6551.245789,6809.081144,6618.655448,0.006551246,0.006809081,0.006618655,9264.860645,-1.602053085,1000000.003,-0.108583165,9629.494902,2.60991096,1000000.09,0.052488782,9360.192299,0.554622533,999999.9089,0.057118607,50,0,0,0,0
6548.576623,6809.302782,6620.356043,0.006548577,0.006809303,0.006620356,9261.085875,-1.601664307,1000000.003,-0.108623538,9629.808345,2.609957147,1000000.09,0.052475464,9362.597304,0.554722642,999999.909,0.057115359,50,0,0,0,0
6549.754465,6808.75268,6619.377129,0.006549754,0.006808753,0.006619377,9262.751595,-1.601782681,1000000.003,-0.108604577,9629.030383,2.609930227,1000000.09,0.052485735,9361.21291,0.554605291,999999.9089,0.057110503,50,0,0,0,0
6549.84785,6808.774369,6619.988852,0.006549848,0.006808774,0.006619989,9262.88366,-1.601894711,1000000.003,-0.108601858,9629.061055,2.609791912,1000000.09,0.052496965,9362.078018,0.554508628,999999.9089,0.057096643,50,0,0,0,0
6550.380614,6809.014488,6619.910163,0.006550381,0.006809014,0.00661991,9263.637102,-1.601547117,1000000.003,-0.108590942,9629.400635,2.609749625,1000000.09,0.052497514,9361.966734,0.554548383,999999.9089,0.057099292,50,0,0,0,0
6548.214436,6808.540162,6623.17248,0.006548214,0.00680854,0.006623172,9260.573665,-1.601603332,1000000.003,-0.108622291,9628.729837,2.609844119,1000000.09,0.052487343,9366.580347,0.554429963,999999.909,0.057061152,50,0,0,0,0
6550.016831,6809.296638,6618.784455,0.006550017,0.006809297,0.006618784,9263.122636,-1.601804777,1000000.003,-0.108601759,9629.799656,2.610049813,1000000.09,0.052473719,9360.374743,0.554477889,999999.9089,0.057102683,50,0,0,0,0
6550.511282,6808.743393,6618.651642,0.006550511,0.006808743,0.006618652,9263.821895,-1.602120017,1000000.003,-0.108593919,9629.01725,2.609757672,1000000.09,0.05250363,9360.186917,0.554499462,999999.9089,0.057107772,50,0,0,0,0
6550.453771,6809.794586,6618.646021,0.006550454,0.006809795,0.006618646,9263.740563,-1.601643197,1000000.003,-0.108595047,9630.503861,2.609935853,1000000.09,0.052477876,9360.178968,0.554734149,999999.9089,0.057129559,50,0,0,0,0
6550.364178,6808.156762,6620.110925,0.006550364,0.006808157,0.006620111,9263.613859,-1.601982677,1000000.003,-0.108593108,9628.187627,2.609868736,1000000.09,0.052496649,9362.250655,0.554468055,999999.9089,0.057090127,50,0,0,0,0
6549.904146,6809.841895,6620.901767,0.006549904,0.006809842,0.006620902,9262.963275,-1.601905549,1000000.003,-0.108602509,9630.570766,2.609720224,1000000.09,0.052492142,9363.369073,0.554793409,999999.909,0.057119305,50,0,0,0,0
6552.734596,6808.507099,6619.718662,0.006552735,0.006808507,0.006619719,9266.966136,-1.601833978,1000000.003,-0.108555569,9628.683078,2.609875405,1000000.09,0.052494817,9361.695911,0.554793236,999999.9089,0.057123014,50,0,0,0,0
6550.317454,6809.03893,6621.04655,0.006550317,0.006809039,0.006621047,9263.547782,-1.602216113,1000000.003,-0.108591481,9629.435201,2.609874925,1000000.09,0.052492482,9363.573829,0.553733492,999999.9089,0.057010296,50,0,0,0,0
7469.813053,2086.268188,7845.959374,0.007470214,41.73363994,0.007845787,10563.91093,-1.364483518,999946.2615,15.22914108,2950.428766,1.503551499,49.98966837,0.203975268,11095.86216,0.354227755,1000021.881,48.47112128,50,0,1,0,1
7462.903153,2039.808245,7804.075414,0.007463292,40.79004701,0.007803892,10554.13885,-1.370178058,999947.9446,16.60321302,2884.724484,1.461148516,50.00749924,-2.27E-06,11036.62929,0.355973954,1000023.389,46.72766181,50,0,1,0,1
7466.823733,2036.971609,7812.212036,0.007467211,40.73332281,0.007812029,10559.68339,-1.36946361,999948.0769,16.6730355,2880.712876,1.459904386,50.00749924,-2.28E-06,11048.13621,0.355298337,1000023.359,46.60072668,50,0,1,0,1
7466.109059,2036.251627,7813.062476,0.007466496,40.71892531,0.007812879,10558.67269,-1.368968718,999948.0965,16.68798544,2879.694667,1.460028038,50.00749924,-2.28E-06,11049.33892,0.355176513,1000023.336,46.58492937,50,0,1,0,1
7466.275207,2036.230096,7807.613897,0.007466663,40.71849477,0.007807431,10558.90766,-1.369733301,999948.0848,16.64559195,2879.664218,1.460069337,50.00749924,-2.27E-06,11041.63346,0.355364416,1000023.359,46.61352981,50,0,1,0,1
7465.644307,2036.136777,7809.289542,0.007466032,40.71662866,0.007809106,10558.01543,-1.369885355,999948.0843,16.65098872,2879.532245,1.459825621,50.00749924,-2.28E-06,11044.00318,0.355234859,1000023.358,46.59870758,50,0,1,0,1
7464.950051,2036.096248,7809.327969,0.007465338,40.71581821,0.007809145,10557.0336,-1.369791167,999948.0801,16.65109392,2879.474929,1.459941225,50.00749924,-2.27E-06,11044.05753,0.355537069,1000023.366,46.59320453,50,0,1,0,1
7466.504045,2036.28878,7809.6389,0.007466892,40.71966827,0.007809456,10559.23128,-1.369591711,999948.0875,16.65383645,2879.74721,1.460051639,50.00749924,-2.28E-06,11044.49725,0.355455321,1000023.359,46.60024774,50,0,1,0,1
7466.992862,2036.220242,7808.97344,0.00746738,40.71829771,0.00780879,10559.92257,-1.369372397,999948.0944,16.65751953,2879.650282,1.460168192,50.00749924,-2.28E-06,11043.55615,0.355382943,1000023.351,46.60707066,50,0,1,0,1
7465.797745,2036.123182,7808.722533,0.007466185,40.71635679,0.00780854,10558.23243,-1.369750818,999948.0841,16.64553252,2879.513018,1.460056573,50.00749924,-2.27E-06,11043.20131,0.355327105,1000023.353,46.60503802,50,0,1,0,1
7466.043019,2036.154411,7808.765297,0.00746643,40.7169813,0.007808582,10558.57929,-1.369695758,999948.0861,16.64862306,2879.557184,1.460046516,50.00749924,-2.27E-06,11043.26179,0.35535726,1000023.356,46.60455736,50,0,1,0,1
7466.385312,2036.291954,7808.099265,0.007466773,40.71973174,0.007807916,10559.06337,-1.369922727,999948.0845,16.64754775,2879.751699,1.45984723,50.00749924,-2.27E-06,11042.31988,0.355279054,1000023.365,46.60883542,50,0,1,0,1
7465.940583,2035.767339,7809.768957,0.007466328,40.70924102,0.007809586,10558.43443,-1.369624174,999948.0978,16.65349844,2879.009781,1.459967318,50.00749924,-2.28E-06,11044.68118,0.35522098,1000023.345,46.59103837,50,0,1,0,1
7466.760775,2036.39242,7809.129564,0.007467148,40.72174075,0.007808946,10559.59435,-1.36976121,999948.0848,16.64825701,2879.893778,1.45999494,50.00749924,-2.27E-06,11043.77694,0.355441816,1000023.364,46.60464463,50,0,1,0,1
7466.638135,2036.10344,7808.322395,0.007467026,40.71596202,0.007808139,10559.42092,-1.369600421,999948.0914,16.64639727,2879.485099,1.460151133,50.00749924,-2.28E-06,11042.63543,0.355374252,1000023.352,46.60808828,50,0,1,0,1
7466.313376,2036.091432,7807.901868,0.007466701,40.71572189,0.007807719,10558.96164,-1.369802573,999948.0883,16.64350143,2879.468117,1.460016739,50.00749924,-2.27E-06,11042.04072,0.355351569,1000023.359,46.60770519,50,0,1,0,1
7466.0741,2036.257119,7809.175552,0.007466462,40.71903515,0.007808992,10558.62325,-1.369617478,999948.0845,16.6518792,2879.702435,1.460077023,50.00749924,-2.27E-06,11043.84198,0.355484625,1000023.36,46.60219979,50,0,1,0,1
7465.498013,2035.914133,7809.476245,0.007465885,40.71217645,0.007809293,10557.80854,-1.369766233,999948.0898,16.65203501,2879.217379,1.459895672,50.00749924,-2.28E-06,11044.26722,0.355081199,1000023.345,46.59772751,50,0,1,0,1
